ISO-10303-21;
HEADER;
/* Generated by software containing ST-Developer
 * from STEP Tools, Inc. (www.steptools.com) 
 */

FILE_DESCRIPTION(
/* description */ (''),
/* implementation_level */ '2;1');

FILE_NAME(
/* name */ 'Knee - Left.step',
/* time_stamp */ '2026-02-17T16:19:05-03:00',
/* author */ (''),
/* organization */ (''),
/* preprocessor_version */ 'ST-DEVELOPER v20.1',
/* originating_system */ 'Autodesk Translation Framework v14.21.0.0',
/* authorisation */ '');

FILE_SCHEMA (('AUTOMOTIVE_DESIGN { 1 0 10303 214 3 1 1 }'));
ENDSEC;

DATA;
#10=MECHANICAL_DESIGN_GEOMETRIC_PRESENTATION_REPRESENTATION('',(#13),#2725);
#11=SHAPE_REPRESENTATION_RELATIONSHIP('SRR','None',#2732,#12);
#12=ADVANCED_BREP_SHAPE_REPRESENTATION('',(#14),#2724);
#13=STYLED_ITEM('',(#2741),#14);
#14=MANIFOLD_SOLID_BREP('Knees',#1555);
#15=CONICAL_SURFACE('',#1579,10.,0.785398163397445);
#16=CONICAL_SURFACE('',#1583,8.,0.785398163397447);
#17=CONICAL_SURFACE('',#1587,5.,0.785398163397441);
#18=CONICAL_SURFACE('',#1591,11.5,0.785398163397414);
#19=CONICAL_SURFACE('',#1594,3.,0.785398163397444);
#20=CONICAL_SURFACE('',#1598,3.,0.785398163397444);
#21=CONICAL_SURFACE('',#1601,11.5,0.785398163397457);
#22=CONICAL_SURFACE('',#1605,5.,0.785398163397433);
#23=CONICAL_SURFACE('',#1608,8.,0.785398163397443);
#24=CONICAL_SURFACE('',#1612,10.,0.785398163397481);
#25=CONICAL_SURFACE('',#1624,5.,0.785398163397466);
#26=CONICAL_SURFACE('',#1628,11.5,0.785398163397477);
#27=CONICAL_SURFACE('',#1631,3.,0.785398163397455);
#28=CONICAL_SURFACE('',#1635,3.,0.785398163397455);
#29=CONICAL_SURFACE('',#1638,11.5,0.785398163397443);
#30=CONICAL_SURFACE('',#1642,5.,0.785398163397457);
#31=FACE_BOUND('',#274,.T.);
#32=FACE_BOUND('',#294,.T.);
#33=FACE_BOUND('',#295,.T.);
#34=FACE_BOUND('',#319,.T.);
#35=FACE_BOUND('',#320,.T.);
#36=FACE_BOUND('',#321,.T.);
#37=FACE_BOUND('',#322,.T.);
#38=FACE_BOUND('',#323,.T.);
#39=FACE_BOUND('',#325,.T.);
#40=FACE_BOUND('',#331,.T.);
#41=FACE_BOUND('',#332,.T.);
#42=FACE_BOUND('',#338,.T.);
#43=FACE_BOUND('',#339,.T.);
#44=FACE_BOUND('',#340,.T.);
#45=FACE_BOUND('',#341,.T.);
#46=FACE_BOUND('',#342,.T.);
#47=FACE_BOUND('',#359,.T.);
#48=FACE_BOUND('',#360,.T.);
#49=FACE_BOUND('',#361,.T.);
#50=FACE_BOUND('',#362,.T.);
#51=FACE_BOUND('',#363,.T.);
#52=FACE_BOUND('',#364,.T.);
#53=FACE_BOUND('',#365,.T.);
#54=FACE_BOUND('',#366,.T.);
#55=FACE_BOUND('',#367,.T.);
#56=FACE_BOUND('',#368,.T.);
#57=FACE_BOUND('',#373,.T.);
#58=FACE_BOUND('',#374,.T.);
#59=FACE_BOUND('',#380,.T.);
#60=FACE_BOUND('',#381,.T.);
#61=FACE_BOUND('',#383,.T.);
#62=FACE_BOUND('',#384,.T.);
#63=CIRCLE('',#1571,5.5);
#64=CIRCLE('',#1572,5.5);
#65=CIRCLE('',#1575,10.5);
#66=CIRCLE('',#1576,10.5);
#67=CIRCLE('',#1577,62.3868962263113);
#68=CIRCLE('',#1578,4.);
#69=CIRCLE('',#1580,10.5);
#70=CIRCLE('',#1581,9.5);
#71=CIRCLE('',#1584,7.5);
#72=CIRCLE('',#1585,8.5);
#73=CIRCLE('',#1588,4.5);
#74=CIRCLE('',#1589,5.5);
#75=CIRCLE('',#1592,11.);
#76=CIRCLE('',#1593,12.);
#77=CIRCLE('',#1595,2.5);
#78=CIRCLE('',#1596,3.5);
#79=CIRCLE('',#1599,3.5);
#80=CIRCLE('',#1600,2.5);
#81=CIRCLE('',#1602,11.);
#82=CIRCLE('',#1603,12.);
#83=CIRCLE('',#1606,4.5);
#84=CIRCLE('',#1609,7.5);
#85=CIRCLE('',#1610,8.5);
#86=CIRCLE('',#1613,9.5);
#87=CIRCLE('',#1614,10.5);
#88=CIRCLE('',#1616,10.5);
#89=CIRCLE('',#1618,1.5);
#90=CIRCLE('',#1619,1.5);
#91=CIRCLE('',#1623,10.5);
#92=CIRCLE('',#1625,5.5);
#93=CIRCLE('',#1626,4.5);
#94=CIRCLE('',#1629,12.);
#95=CIRCLE('',#1630,11.);
#96=CIRCLE('',#1632,3.5);
#97=CIRCLE('',#1633,2.49999999999999);
#98=CIRCLE('',#1636,2.49999999999999);
#99=CIRCLE('',#1637,3.5);
#100=CIRCLE('',#1639,11.);
#101=CIRCLE('',#1640,12.);
#102=CIRCLE('',#1643,4.5);
#103=CIRCLE('',#1645,11.);
#104=CIRCLE('',#1646,11.);
#105=CIRCLE('',#1648,3.5);
#106=CIRCLE('',#1651,3.5);
#107=CIRCLE('',#1653,11.);
#108=CIRCLE('',#1654,11.);
#109=CIRCLE('',#1661,10.5);
#110=CIRCLE('',#1662,62.3868962263113);
#111=CIRCLE('',#1663,1.9);
#112=CIRCLE('',#1664,3.7);
#113=CIRCLE('',#1665,1.9);
#114=CIRCLE('',#1666,1.9);
#115=CIRCLE('',#1667,1.9);
#116=CIRCLE('',#1669,62.3868962263113);
#117=CIRCLE('',#1670,10.5);
#118=CIRCLE('',#1671,10.5);
#119=CIRCLE('',#1672,4.);
#120=CIRCLE('',#1674,10.5);
#121=CIRCLE('',#1677,10.5);
#122=CIRCLE('',#1679,4.);
#123=CIRCLE('',#1681,62.3868962263113);
#124=CIRCLE('',#1682,10.5);
#125=CIRCLE('',#1683,10.5);
#126=CIRCLE('',#1684,4.);
#127=CIRCLE('',#1690,62.3868962263113);
#128=CIRCLE('',#1691,10.5);
#129=CIRCLE('',#1692,1.9);
#130=CIRCLE('',#1693,1.9);
#131=CIRCLE('',#1694,1.9);
#132=CIRCLE('',#1695,3.7);
#133=CIRCLE('',#1696,1.9);
#134=CIRCLE('',#1699,10.5);
#135=CIRCLE('',#1701,1.9);
#136=CIRCLE('',#1703,1.9);
#137=CIRCLE('',#1705,1.9);
#138=CIRCLE('',#1707,3.7);
#139=CIRCLE('',#1709,1.9);
#140=CIRCLE('',#1712,10.5);
#141=CIRCLE('',#1714,62.3868962263113);
#142=CIRCLE('',#1716,1.9);
#143=CIRCLE('',#1718,1.9);
#144=CIRCLE('',#1720,1.9);
#145=CIRCLE('',#1722,3.7);
#146=CIRCLE('',#1724,1.9);
#147=CIRCLE('',#1727,1.5);
#148=CIRCLE('',#1729,3.5);
#149=CIRCLE('',#1732,3.5);
#150=CIRCLE('',#1733,1.5);
#151=CIRCLE('',#1738,1.5);
#152=CIRCLE('',#1739,1.5);
#153=CIRCLE('',#1741,1.5);
#154=CIRCLE('',#1743,1.5);
#155=PLANE('',#1570);
#156=PLANE('',#1574);
#157=PLANE('',#1582);
#158=PLANE('',#1586);
#159=PLANE('',#1590);
#160=PLANE('',#1597);
#161=PLANE('',#1604);
#162=PLANE('',#1607);
#163=PLANE('',#1611);
#164=PLANE('',#1617);
#165=PLANE('',#1621);
#166=PLANE('',#1627);
#167=PLANE('',#1634);
#168=PLANE('',#1641);
#169=PLANE('',#1649);
#170=PLANE('',#1655);
#171=PLANE('',#1657);
#172=PLANE('',#1660);
#173=PLANE('',#1668);
#174=PLANE('',#1675);
#175=PLANE('',#1680);
#176=PLANE('',#1686);
#177=PLANE('',#1689);
#178=PLANE('',#1697);
#179=PLANE('',#1710);
#180=PLANE('',#1725);
#181=PLANE('',#1730);
#182=PLANE('',#1731);
#183=PLANE('',#1736);
#184=PLANE('',#1740);
#185=PLANE('',#1742);
#186=FACE_OUTER_BOUND('',#270,.T.);
#187=FACE_OUTER_BOUND('',#271,.T.);
#188=FACE_OUTER_BOUND('',#272,.T.);
#189=FACE_OUTER_BOUND('',#273,.T.);
#190=FACE_OUTER_BOUND('',#275,.T.);
#191=FACE_OUTER_BOUND('',#276,.T.);
#192=FACE_OUTER_BOUND('',#277,.T.);
#193=FACE_OUTER_BOUND('',#278,.T.);
#194=FACE_OUTER_BOUND('',#279,.T.);
#195=FACE_OUTER_BOUND('',#280,.T.);
#196=FACE_OUTER_BOUND('',#281,.T.);
#197=FACE_OUTER_BOUND('',#282,.T.);
#198=FACE_OUTER_BOUND('',#283,.T.);
#199=FACE_OUTER_BOUND('',#284,.T.);
#200=FACE_OUTER_BOUND('',#285,.T.);
#201=FACE_OUTER_BOUND('',#286,.T.);
#202=FACE_OUTER_BOUND('',#287,.T.);
#203=FACE_OUTER_BOUND('',#288,.T.);
#204=FACE_OUTER_BOUND('',#289,.T.);
#205=FACE_OUTER_BOUND('',#290,.T.);
#206=FACE_OUTER_BOUND('',#291,.T.);
#207=FACE_OUTER_BOUND('',#292,.T.);
#208=FACE_OUTER_BOUND('',#293,.T.);
#209=FACE_OUTER_BOUND('',#296,.T.);
#210=FACE_OUTER_BOUND('',#297,.T.);
#211=FACE_OUTER_BOUND('',#298,.T.);
#212=FACE_OUTER_BOUND('',#299,.T.);
#213=FACE_OUTER_BOUND('',#300,.T.);
#214=FACE_OUTER_BOUND('',#301,.T.);
#215=FACE_OUTER_BOUND('',#302,.T.);
#216=FACE_OUTER_BOUND('',#303,.T.);
#217=FACE_OUTER_BOUND('',#304,.T.);
#218=FACE_OUTER_BOUND('',#305,.T.);
#219=FACE_OUTER_BOUND('',#306,.T.);
#220=FACE_OUTER_BOUND('',#307,.T.);
#221=FACE_OUTER_BOUND('',#308,.T.);
#222=FACE_OUTER_BOUND('',#309,.T.);
#223=FACE_OUTER_BOUND('',#310,.T.);
#224=FACE_OUTER_BOUND('',#311,.T.);
#225=FACE_OUTER_BOUND('',#312,.T.);
#226=FACE_OUTER_BOUND('',#313,.T.);
#227=FACE_OUTER_BOUND('',#314,.T.);
#228=FACE_OUTER_BOUND('',#315,.T.);
#229=FACE_OUTER_BOUND('',#316,.T.);
#230=FACE_OUTER_BOUND('',#317,.T.);
#231=FACE_OUTER_BOUND('',#318,.T.);
#232=FACE_OUTER_BOUND('',#324,.T.);
#233=FACE_OUTER_BOUND('',#326,.T.);
#234=FACE_OUTER_BOUND('',#327,.T.);
#235=FACE_OUTER_BOUND('',#328,.T.);
#236=FACE_OUTER_BOUND('',#329,.T.);
#237=FACE_OUTER_BOUND('',#330,.T.);
#238=FACE_OUTER_BOUND('',#333,.T.);
#239=FACE_OUTER_BOUND('',#334,.T.);
#240=FACE_OUTER_BOUND('',#335,.T.);
#241=FACE_OUTER_BOUND('',#336,.T.);
#242=FACE_OUTER_BOUND('',#337,.T.);
#243=FACE_OUTER_BOUND('',#343,.T.);
#244=FACE_OUTER_BOUND('',#344,.T.);
#245=FACE_OUTER_BOUND('',#345,.T.);
#246=FACE_OUTER_BOUND('',#346,.T.);
#247=FACE_OUTER_BOUND('',#347,.T.);
#248=FACE_OUTER_BOUND('',#348,.T.);
#249=FACE_OUTER_BOUND('',#349,.T.);
#250=FACE_OUTER_BOUND('',#350,.T.);
#251=FACE_OUTER_BOUND('',#351,.T.);
#252=FACE_OUTER_BOUND('',#352,.T.);
#253=FACE_OUTER_BOUND('',#353,.T.);
#254=FACE_OUTER_BOUND('',#354,.T.);
#255=FACE_OUTER_BOUND('',#355,.T.);
#256=FACE_OUTER_BOUND('',#356,.T.);
#257=FACE_OUTER_BOUND('',#357,.T.);
#258=FACE_OUTER_BOUND('',#358,.T.);
#259=FACE_OUTER_BOUND('',#369,.T.);
#260=FACE_OUTER_BOUND('',#370,.T.);
#261=FACE_OUTER_BOUND('',#371,.T.);
#262=FACE_OUTER_BOUND('',#372,.T.);
#263=FACE_OUTER_BOUND('',#375,.T.);
#264=FACE_OUTER_BOUND('',#376,.T.);
#265=FACE_OUTER_BOUND('',#377,.T.);
#266=FACE_OUTER_BOUND('',#378,.T.);
#267=FACE_OUTER_BOUND('',#379,.T.);
#268=FACE_OUTER_BOUND('',#382,.T.);
#269=FACE_OUTER_BOUND('',#385,.T.);
#270=EDGE_LOOP('',(#994,#995,#996,#997));
#271=EDGE_LOOP('',(#998,#999,#1000,#1001,#1002,#1003,#1004,#1005,#1006));
#272=EDGE_LOOP('',(#1007,#1008,#1009,#1010));
#273=EDGE_LOOP('',(#1011,#1012,#1013,#1014,#1015,#1016,#1017));
#274=EDGE_LOOP('',(#1018));
#275=EDGE_LOOP('',(#1019,#1020,#1021,#1022));
#276=EDGE_LOOP('',(#1023,#1024,#1025,#1026));
#277=EDGE_LOOP('',(#1027,#1028,#1029,#1030));
#278=EDGE_LOOP('',(#1031,#1032,#1033,#1034));
#279=EDGE_LOOP('',(#1035,#1036,#1037,#1038));
#280=EDGE_LOOP('',(#1039,#1040,#1041,#1042));
#281=EDGE_LOOP('',(#1043,#1044,#1045,#1046));
#282=EDGE_LOOP('',(#1047,#1048,#1049,#1050));
#283=EDGE_LOOP('',(#1051,#1052,#1053,#1054));
#284=EDGE_LOOP('',(#1055,#1056,#1057,#1058));
#285=EDGE_LOOP('',(#1059,#1060,#1061,#1062));
#286=EDGE_LOOP('',(#1063,#1064,#1065,#1066));
#287=EDGE_LOOP('',(#1067,#1068,#1069,#1070));
#288=EDGE_LOOP('',(#1071,#1072,#1073,#1074));
#289=EDGE_LOOP('',(#1075,#1076,#1077,#1078));
#290=EDGE_LOOP('',(#1079,#1080,#1081,#1082));
#291=EDGE_LOOP('',(#1083,#1084,#1085,#1086));
#292=EDGE_LOOP('',(#1087,#1088,#1089,#1090));
#293=EDGE_LOOP('',(#1091,#1092,#1093,#1094,#1095,#1096,#1097,#1098));
#294=EDGE_LOOP('',(#1099));
#295=EDGE_LOOP('',(#1100));
#296=EDGE_LOOP('',(#1101,#1102,#1103,#1104));
#297=EDGE_LOOP('',(#1105,#1106,#1107,#1108,#1109,#1110,#1111,#1112,#1113,
#1114));
#298=EDGE_LOOP('',(#1115,#1116,#1117,#1118));
#299=EDGE_LOOP('',(#1119,#1120,#1121,#1122,#1123));
#300=EDGE_LOOP('',(#1124,#1125,#1126,#1127));
#301=EDGE_LOOP('',(#1128,#1129,#1130,#1131));
#302=EDGE_LOOP('',(#1132,#1133,#1134,#1135));
#303=EDGE_LOOP('',(#1136,#1137,#1138,#1139));
#304=EDGE_LOOP('',(#1140,#1141,#1142,#1143));
#305=EDGE_LOOP('',(#1144,#1145,#1146,#1147));
#306=EDGE_LOOP('',(#1148,#1149,#1150,#1151));
#307=EDGE_LOOP('',(#1152,#1153,#1154,#1155,#1156));
#308=EDGE_LOOP('',(#1157,#1158,#1159,#1160,#1161,#1162,#1163,#1164));
#309=EDGE_LOOP('',(#1165,#1166,#1167,#1168));
#310=EDGE_LOOP('',(#1169,#1170,#1171,#1172));
#311=EDGE_LOOP('',(#1173,#1174,#1175,#1176));
#312=EDGE_LOOP('',(#1177,#1178,#1179,#1180,#1181,#1182,#1183,#1184));
#313=EDGE_LOOP('',(#1185,#1186,#1187,#1188,#1189,#1190,#1191,#1192,#1193));
#314=EDGE_LOOP('',(#1194,#1195,#1196,#1197));
#315=EDGE_LOOP('',(#1198,#1199,#1200,#1201,#1202,#1203));
#316=EDGE_LOOP('',(#1204,#1205,#1206,#1207));
#317=EDGE_LOOP('',(#1208,#1209,#1210,#1211));
#318=EDGE_LOOP('',(#1212,#1213,#1214,#1215,#1216,#1217));
#319=EDGE_LOOP('',(#1218));
#320=EDGE_LOOP('',(#1219));
#321=EDGE_LOOP('',(#1220));
#322=EDGE_LOOP('',(#1221));
#323=EDGE_LOOP('',(#1222));
#324=EDGE_LOOP('',(#1223,#1224,#1225,#1226,#1227,#1228,#1229));
#325=EDGE_LOOP('',(#1230));
#326=EDGE_LOOP('',(#1231,#1232,#1233,#1234));
#327=EDGE_LOOP('',(#1235,#1236,#1237,#1238));
#328=EDGE_LOOP('',(#1239,#1240,#1241,#1242));
#329=EDGE_LOOP('',(#1243,#1244,#1245,#1246));
#330=EDGE_LOOP('',(#1247,#1248,#1249,#1250,#1251,#1252,#1253,#1254));
#331=EDGE_LOOP('',(#1255));
#332=EDGE_LOOP('',(#1256));
#333=EDGE_LOOP('',(#1257,#1258,#1259,#1260));
#334=EDGE_LOOP('',(#1261,#1262,#1263,#1264));
#335=EDGE_LOOP('',(#1265,#1266,#1267,#1268));
#336=EDGE_LOOP('',(#1269,#1270,#1271,#1272));
#337=EDGE_LOOP('',(#1273,#1274,#1275,#1276,#1277,#1278));
#338=EDGE_LOOP('',(#1279));
#339=EDGE_LOOP('',(#1280));
#340=EDGE_LOOP('',(#1281));
#341=EDGE_LOOP('',(#1282));
#342=EDGE_LOOP('',(#1283));
#343=EDGE_LOOP('',(#1284,#1285,#1286,#1287,#1288));
#344=EDGE_LOOP('',(#1289,#1290,#1291,#1292));
#345=EDGE_LOOP('',(#1293,#1294,#1295,#1296));
#346=EDGE_LOOP('',(#1297,#1298,#1299,#1300));
#347=EDGE_LOOP('',(#1301,#1302,#1303,#1304));
#348=EDGE_LOOP('',(#1305,#1306,#1307,#1308));
#349=EDGE_LOOP('',(#1309,#1310,#1311,#1312));
#350=EDGE_LOOP('',(#1313,#1314,#1315,#1316,#1317));
#351=EDGE_LOOP('',(#1318,#1319,#1320,#1321));
#352=EDGE_LOOP('',(#1322,#1323,#1324,#1325,#1326,#1327,#1328,#1329,#1330,
#1331,#1332,#1333,#1334,#1335,#1336,#1337));
#353=EDGE_LOOP('',(#1338,#1339,#1340,#1341));
#354=EDGE_LOOP('',(#1342,#1343,#1344,#1345));
#355=EDGE_LOOP('',(#1346,#1347,#1348,#1349));
#356=EDGE_LOOP('',(#1350,#1351,#1352,#1353));
#357=EDGE_LOOP('',(#1354,#1355,#1356,#1357));
#358=EDGE_LOOP('',(#1358,#1359,#1360,#1361,#1362,#1363,#1364,#1365));
#359=EDGE_LOOP('',(#1366));
#360=EDGE_LOOP('',(#1367));
#361=EDGE_LOOP('',(#1368));
#362=EDGE_LOOP('',(#1369));
#363=EDGE_LOOP('',(#1370));
#364=EDGE_LOOP('',(#1371));
#365=EDGE_LOOP('',(#1372));
#366=EDGE_LOOP('',(#1373));
#367=EDGE_LOOP('',(#1374));
#368=EDGE_LOOP('',(#1375));
#369=EDGE_LOOP('',(#1376,#1377,#1378,#1379));
#370=EDGE_LOOP('',(#1380,#1381,#1382,#1383));
#371=EDGE_LOOP('',(#1384,#1385,#1386,#1387));
#372=EDGE_LOOP('',(#1388,#1389,#1390,#1391,#1392,#1393));
#373=EDGE_LOOP('',(#1394));
#374=EDGE_LOOP('',(#1395));
#375=EDGE_LOOP('',(#1396,#1397,#1398,#1399));
#376=EDGE_LOOP('',(#1400,#1401,#1402,#1403));
#377=EDGE_LOOP('',(#1404,#1405,#1406,#1407));
#378=EDGE_LOOP('',(#1408,#1409,#1410,#1411));
#379=EDGE_LOOP('',(#1412,#1413,#1414,#1415,#1416,#1417,#1418,#1419));
#380=EDGE_LOOP('',(#1420));
#381=EDGE_LOOP('',(#1421));
#382=EDGE_LOOP('',(#1422,#1423,#1424,#1425,#1426,#1427));
#383=EDGE_LOOP('',(#1428));
#384=EDGE_LOOP('',(#1429));
#385=EDGE_LOOP('',(#1430,#1431,#1432,#1433));
#386=LINE('',#2238,#508);
#387=LINE('',#2250,#509);
#388=LINE('',#2255,#510);
#389=LINE('',#2257,#511);
#390=LINE('',#2259,#512);
#391=LINE('',#2263,#513);
#392=LINE('',#2265,#514);
#393=LINE('',#2266,#515);
#394=LINE('',#2283,#516);
#395=LINE('',#2295,#517);
#396=LINE('',#2298,#518);
#397=LINE('',#2300,#519);
#398=LINE('',#2304,#520);
#399=LINE('',#2313,#521);
#400=LINE('',#2317,#522);
#401=LINE('',#2321,#523);
#402=LINE('',#2323,#524);
#403=LINE('',#2324,#525);
#404=LINE('',#2328,#526);
#405=LINE('',#2334,#527);
#406=LINE('',#2335,#528);
#407=LINE('',#2336,#529);
#408=LINE('',#2341,#530);
#409=LINE('',#2346,#531);
#410=LINE('',#2347,#532);
#411=LINE('',#2348,#533);
#412=LINE('',#2352,#534);
#413=LINE('',#2359,#535);
#414=LINE('',#2364,#536);
#415=LINE('',#2365,#537);
#416=LINE('',#2366,#538);
#417=LINE('',#2370,#539);
#418=LINE('',#2375,#540);
#419=LINE('',#2380,#541);
#420=LINE('',#2381,#542);
#421=LINE('',#2385,#543);
#422=LINE('',#2388,#544);
#423=LINE('',#2389,#545);
#424=LINE('',#2393,#546);
#425=LINE('',#2398,#547);
#426=LINE('',#2400,#548);
#427=LINE('',#2401,#549);
#428=LINE('',#2405,#550);
#429=LINE('',#2410,#551);
#430=LINE('',#2413,#552);
#431=LINE('',#2415,#553);
#432=LINE('',#2421,#554);
#433=LINE('',#2424,#555);
#434=LINE('',#2425,#556);
#435=LINE('',#2428,#557);
#436=LINE('',#2434,#558);
#437=LINE('',#2439,#559);
#438=LINE('',#2440,#560);
#439=LINE('',#2441,#561);
#440=LINE('',#2445,#562);
#441=LINE('',#2452,#563);
#442=LINE('',#2457,#564);
#443=LINE('',#2458,#565);
#444=LINE('',#2459,#566);
#445=LINE('',#2463,#567);
#446=LINE('',#2469,#568);
#447=LINE('',#2473,#569);
#448=LINE('',#2474,#570);
#449=LINE('',#2477,#571);
#450=LINE('',#2481,#572);
#451=LINE('',#2485,#573);
#452=LINE('',#2488,#574);
#453=LINE('',#2491,#575);
#454=LINE('',#2495,#576);
#455=LINE('',#2496,#577);
#456=LINE('',#2499,#578);
#457=LINE('',#2503,#579);
#458=LINE('',#2507,#580);
#459=LINE('',#2509,#581);
#460=LINE('',#2512,#582);
#461=LINE('',#2513,#583);
#462=LINE('',#2515,#584);
#463=LINE('',#2516,#585);
#464=LINE('',#2519,#586);
#465=LINE('',#2521,#587);
#466=LINE('',#2523,#588);
#467=LINE('',#2524,#589);
#468=LINE('',#2537,#590);
#469=LINE('',#2540,#591);
#470=LINE('',#2553,#592);
#471=LINE('',#2573,#593);
#472=LINE('',#2580,#594);
#473=LINE('',#2583,#595);
#474=LINE('',#2584,#596);
#475=LINE('',#2588,#597);
#476=LINE('',#2591,#598);
#477=LINE('',#2599,#599);
#478=LINE('',#2604,#600);
#479=LINE('',#2606,#601);
#480=LINE('',#2608,#602);
#481=LINE('',#2610,#603);
#482=LINE('',#2616,#604);
#483=LINE('',#2629,#605);
#484=LINE('',#2630,#606);
#485=LINE('',#2634,#607);
#486=LINE('',#2638,#608);
#487=LINE('',#2642,#609);
#488=LINE('',#2646,#610);
#489=LINE('',#2650,#611);
#490=LINE('',#2654,#612);
#491=LINE('',#2657,#613);
#492=LINE('',#2658,#614);
#493=LINE('',#2661,#615);
#494=LINE('',#2668,#616);
#495=LINE('',#2672,#617);
#496=LINE('',#2676,#618);
#497=LINE('',#2680,#619);
#498=LINE('',#2684,#620);
#499=LINE('',#2688,#621);
#500=LINE('',#2693,#622);
#501=LINE('',#2696,#623);
#502=LINE('',#2697,#624);
#503=LINE('',#2699,#625);
#504=LINE('',#2704,#626);
#505=LINE('',#2707,#627);
#506=LINE('',#2712,#628);
#507=LINE('',#2721,#629);
#508=VECTOR('',#1749,10.);
#509=VECTOR('',#1750,10.);
#510=VECTOR('',#1755,10.);
#511=VECTOR('',#1756,11.);
#512=VECTOR('',#1757,10.);
#513=VECTOR('',#1760,10.);
#514=VECTOR('',#1761,10.);
#515=VECTOR('',#1762,10.);
#516=VECTOR('',#1765,10.);
#517=VECTOR('',#1766,10.);
#518=VECTOR('',#1769,10.);
#519=VECTOR('',#1770,10.);
#520=VECTOR('',#1773,10.);
#521=VECTOR('',#1782,10.);
#522=VECTOR('',#1785,10.);
#523=VECTOR('',#1790,10.);
#524=VECTOR('',#1791,10.);
#525=VECTOR('',#1792,10.);
#526=VECTOR('',#1795,10.);
#527=VECTOR('',#1802,10.);
#528=VECTOR('',#1803,10.);
#529=VECTOR('',#1804,10.);
#530=VECTOR('',#1809,10.);
#531=VECTOR('',#1814,10.);
#532=VECTOR('',#1815,10.);
#533=VECTOR('',#1816,10.);
#534=VECTOR('',#1819,10.);
#535=VECTOR('',#1828,10.);
#536=VECTOR('',#1833,10.);
#537=VECTOR('',#1834,10.);
#538=VECTOR('',#1835,10.);
#539=VECTOR('',#1838,10.);
#540=VECTOR('',#1845,10.);
#541=VECTOR('',#1852,10.);
#542=VECTOR('',#1853,10.);
#543=VECTOR('',#1858,10.);
#544=VECTOR('',#1861,10.);
#545=VECTOR('',#1862,10.);
#546=VECTOR('',#1865,10.);
#547=VECTOR('',#1872,10.);
#548=VECTOR('',#1873,10.);
#549=VECTOR('',#1874,10.);
#550=VECTOR('',#1877,10.);
#551=VECTOR('',#1884,10.);
#552=VECTOR('',#1887,10.);
#553=VECTOR('',#1890,10.);
#554=VECTOR('',#1897,10.);
#555=VECTOR('',#1900,10.);
#556=VECTOR('',#1901,10.);
#557=VECTOR('',#1904,10.);
#558=VECTOR('',#1911,10.);
#559=VECTOR('',#1916,10.);
#560=VECTOR('',#1917,10.);
#561=VECTOR('',#1918,10.);
#562=VECTOR('',#1921,10.);
#563=VECTOR('',#1930,10.);
#564=VECTOR('',#1935,10.);
#565=VECTOR('',#1936,10.);
#566=VECTOR('',#1937,10.);
#567=VECTOR('',#1940,10.);
#568=VECTOR('',#1949,10.);
#569=VECTOR('',#1954,10.);
#570=VECTOR('',#1955,10.);
#571=VECTOR('',#1958,10.);
#572=VECTOR('',#1963,11.);
#573=VECTOR('',#1966,10.);
#574=VECTOR('',#1969,11.);
#575=VECTOR('',#1972,10.);
#576=VECTOR('',#1977,10.);
#577=VECTOR('',#1978,10.);
#578=VECTOR('',#1981,11.);
#579=VECTOR('',#1986,11.);
#580=VECTOR('',#1989,10.);
#581=VECTOR('',#1992,11.);
#582=VECTOR('',#1995,10.);
#583=VECTOR('',#1996,10.);
#584=VECTOR('',#1999,10.);
#585=VECTOR('',#2000,10.);
#586=VECTOR('',#2003,10.);
#587=VECTOR('',#2004,10.);
#588=VECTOR('',#2005,10.);
#589=VECTOR('',#2006,10.);
#590=VECTOR('',#2009,10.);
#591=VECTOR('',#2012,10.);
#592=VECTOR('',#2015,10.);
#593=VECTOR('',#2036,10.);
#594=VECTOR('',#2045,10.);
#595=VECTOR('',#2048,10.);
#596=VECTOR('',#2049,10.);
#597=VECTOR('',#2054,10.);
#598=VECTOR('',#2057,4.7);
#599=VECTOR('',#2066,10.);
#600=VECTOR('',#2073,10.);
#601=VECTOR('',#2076,10.);
#602=VECTOR('',#2079,10.);
#603=VECTOR('',#2082,4.7);
#604=VECTOR('',#2089,10.);
#605=VECTOR('',#2102,10.);
#606=VECTOR('',#2103,10.);
#607=VECTOR('',#2108,10.);
#608=VECTOR('',#2113,1.9);
#609=VECTOR('',#2118,1.9);
#610=VECTOR('',#2123,1.9);
#611=VECTOR('',#2128,4.7);
#612=VECTOR('',#2133,1.9);
#613=VECTOR('',#2136,10.);
#614=VECTOR('',#2137,10.);
#615=VECTOR('',#2140,10.);
#616=VECTOR('',#2151,1.9);
#617=VECTOR('',#2156,1.9);
#618=VECTOR('',#2161,1.9);
#619=VECTOR('',#2166,4.7);
#620=VECTOR('',#2171,1.9);
#621=VECTOR('',#2176,1.5);
#622=VECTOR('',#2183,10.);
#623=VECTOR('',#2186,10.);
#624=VECTOR('',#2187,10.);
#625=VECTOR('',#2190,10.);
#626=VECTOR('',#2197,1.5);
#627=VECTOR('',#2202,10.);
#628=VECTOR('',#2207,1.5);
#629=VECTOR('',#2220,1.5);
#630=B_SPLINE_CURVE_WITH_KNOTS('',3,(#2225,#2226,#2227,#2228,#2229,#2230,
#2231,#2232,#2233,#2234,#2235,#2236),.UNSPECIFIED.,.F.,.F.,(4,2,2,2,2,4),
(3.36246346441204,3.63543121643351,3.90839896845497,4.10869508544305,4.30899120243113,
4.46907458472185),.UNSPECIFIED.);
#631=B_SPLINE_CURVE_WITH_KNOTS('',3,(#2240,#2241,#2242,#2243,#2244,#2245,
#2246,#2247,#2248,#2249),.UNSPECIFIED.,.F.,.F.,(4,2,2,2,4),(0.,0.188302074607254,
0.376604149214508,0.565628658457792,0.754653167701075),.UNSPECIFIED.);
#632=B_SPLINE_CURVE_WITH_KNOTS('',3,(#2270,#2271,#2272,#2273,#2274,#2275,
#2276,#2277,#2278,#2279,#2280,#2281),.UNSPECIFIED.,.F.,.F.,(4,2,2,2,2,4),
(1.20226444990593,1.36234783219665,1.56264394918473,1.76294006617281,2.03590781819427,
2.30887557021574),.UNSPECIFIED.);
#633=B_SPLINE_CURVE_WITH_KNOTS('',3,(#2285,#2286,#2287,#2288,#2289,#2290,
#2291,#2292,#2293,#2294),.UNSPECIFIED.,.F.,.F.,(4,2,2,2,4),(0.757623376469664,
0.946647885712947,1.13567239495623,1.32397446956349,1.51227654417074),
 .UNSPECIFIED.);
#634=B_SPLINE_CURVE_WITH_KNOTS('',3,(#2527,#2528,#2529,#2530,#2531,#2532,
#2533,#2534,#2535,#2536),.UNSPECIFIED.,.F.,.F.,(4,2,2,2,4),(0.,0.282434727027112,
0.564869454054223,0.849136655034429,1.13340385601463),.UNSPECIFIED.);
#635=B_SPLINE_CURVE_WITH_KNOTS('',3,(#2541,#2542,#2543,#2544,#2545,#2546,
#2547,#2548,#2549,#2550),.UNSPECIFIED.,.F.,.F.,(4,2,2,2,4),(1.14270803663738,
1.42697523761759,1.71124243859779,1.9936771656249,2.27611189265201),
 .UNSPECIFIED.);
#636=VERTEX_POINT('',#2223);
#637=VERTEX_POINT('',#2224);
#638=VERTEX_POINT('',#2237);
#639=VERTEX_POINT('',#2239);
#640=VERTEX_POINT('',#2252);
#641=VERTEX_POINT('',#2254);
#642=VERTEX_POINT('',#2256);
#643=VERTEX_POINT('',#2258);
#644=VERTEX_POINT('',#2260);
#645=VERTEX_POINT('',#2262);
#646=VERTEX_POINT('',#2264);
#647=VERTEX_POINT('',#2268);
#648=VERTEX_POINT('',#2269);
#649=VERTEX_POINT('',#2282);
#650=VERTEX_POINT('',#2284);
#651=VERTEX_POINT('',#2297);
#652=VERTEX_POINT('',#2299);
#653=VERTEX_POINT('',#2301);
#654=VERTEX_POINT('',#2303);
#655=VERTEX_POINT('',#2305);
#656=VERTEX_POINT('',#2308);
#657=VERTEX_POINT('',#2311);
#658=VERTEX_POINT('',#2312);
#659=VERTEX_POINT('',#2314);
#660=VERTEX_POINT('',#2316);
#661=VERTEX_POINT('',#2320);
#662=VERTEX_POINT('',#2322);
#663=VERTEX_POINT('',#2326);
#664=VERTEX_POINT('',#2327);
#665=VERTEX_POINT('',#2332);
#666=VERTEX_POINT('',#2333);
#667=VERTEX_POINT('',#2338);
#668=VERTEX_POINT('',#2340);
#669=VERTEX_POINT('',#2344);
#670=VERTEX_POINT('',#2345);
#671=VERTEX_POINT('',#2350);
#672=VERTEX_POINT('',#2351);
#673=VERTEX_POINT('',#2356);
#674=VERTEX_POINT('',#2358);
#675=VERTEX_POINT('',#2362);
#676=VERTEX_POINT('',#2363);
#677=VERTEX_POINT('',#2368);
#678=VERTEX_POINT('',#2369);
#679=VERTEX_POINT('',#2374);
#680=VERTEX_POINT('',#2379);
#681=VERTEX_POINT('',#2383);
#682=VERTEX_POINT('',#2387);
#683=VERTEX_POINT('',#2391);
#684=VERTEX_POINT('',#2392);
#685=VERTEX_POINT('',#2397);
#686=VERTEX_POINT('',#2399);
#687=VERTEX_POINT('',#2403);
#688=VERTEX_POINT('',#2404);
#689=VERTEX_POINT('',#2409);
#690=VERTEX_POINT('',#2411);
#691=VERTEX_POINT('',#2416);
#692=VERTEX_POINT('',#2418);
#693=VERTEX_POINT('',#2423);
#694=VERTEX_POINT('',#2427);
#695=VERTEX_POINT('',#2431);
#696=VERTEX_POINT('',#2433);
#697=VERTEX_POINT('',#2437);
#698=VERTEX_POINT('',#2438);
#699=VERTEX_POINT('',#2443);
#700=VERTEX_POINT('',#2444);
#701=VERTEX_POINT('',#2449);
#702=VERTEX_POINT('',#2451);
#703=VERTEX_POINT('',#2455);
#704=VERTEX_POINT('',#2456);
#705=VERTEX_POINT('',#2461);
#706=VERTEX_POINT('',#2462);
#707=VERTEX_POINT('',#2468);
#708=VERTEX_POINT('',#2472);
#709=VERTEX_POINT('',#2476);
#710=VERTEX_POINT('',#2480);
#711=VERTEX_POINT('',#2482);
#712=VERTEX_POINT('',#2484);
#713=VERTEX_POINT('',#2486);
#714=VERTEX_POINT('',#2490);
#715=VERTEX_POINT('',#2494);
#716=VERTEX_POINT('',#2498);
#717=VERTEX_POINT('',#2502);
#718=VERTEX_POINT('',#2504);
#719=VERTEX_POINT('',#2506);
#720=VERTEX_POINT('',#2511);
#721=VERTEX_POINT('',#2518);
#722=VERTEX_POINT('',#2520);
#723=VERTEX_POINT('',#2522);
#724=VERTEX_POINT('',#2526);
#725=VERTEX_POINT('',#2539);
#726=VERTEX_POINT('',#2552);
#727=VERTEX_POINT('',#2554);
#728=VERTEX_POINT('',#2557);
#729=VERTEX_POINT('',#2559);
#730=VERTEX_POINT('',#2561);
#731=VERTEX_POINT('',#2563);
#732=VERTEX_POINT('',#2565);
#733=VERTEX_POINT('',#2568);
#734=VERTEX_POINT('',#2570);
#735=VERTEX_POINT('',#2572);
#736=VERTEX_POINT('',#2575);
#737=VERTEX_POINT('',#2578);
#738=VERTEX_POINT('',#2582);
#739=VERTEX_POINT('',#2586);
#740=VERTEX_POINT('',#2590);
#741=VERTEX_POINT('',#2594);
#742=VERTEX_POINT('',#2596);
#743=VERTEX_POINT('',#2598);
#744=VERTEX_POINT('',#2601);
#745=VERTEX_POINT('',#2612);
#746=VERTEX_POINT('',#2614);
#747=VERTEX_POINT('',#2617);
#748=VERTEX_POINT('',#2619);
#749=VERTEX_POINT('',#2621);
#750=VERTEX_POINT('',#2623);
#751=VERTEX_POINT('',#2625);
#752=VERTEX_POINT('',#2628);
#753=VERTEX_POINT('',#2632);
#754=VERTEX_POINT('',#2636);
#755=VERTEX_POINT('',#2640);
#756=VERTEX_POINT('',#2644);
#757=VERTEX_POINT('',#2648);
#758=VERTEX_POINT('',#2652);
#759=VERTEX_POINT('',#2656);
#760=VERTEX_POINT('',#2660);
#761=VERTEX_POINT('',#2666);
#762=VERTEX_POINT('',#2670);
#763=VERTEX_POINT('',#2674);
#764=VERTEX_POINT('',#2678);
#765=VERTEX_POINT('',#2682);
#766=VERTEX_POINT('',#2687);
#767=VERTEX_POINT('',#2691);
#768=VERTEX_POINT('',#2695);
#769=VERTEX_POINT('',#2701);
#770=VERTEX_POINT('',#2709);
#771=VERTEX_POINT('',#2711);
#772=VERTEX_POINT('',#2715);
#773=VERTEX_POINT('',#2718);
#774=EDGE_CURVE('',#636,#637,#630,.T.);
#775=EDGE_CURVE('',#637,#638,#386,.T.);
#776=EDGE_CURVE('',#638,#639,#631,.T.);
#777=EDGE_CURVE('',#639,#636,#387,.T.);
#778=EDGE_CURVE('',#640,#637,#63,.T.);
#779=EDGE_CURVE('',#641,#640,#388,.T.);
#780=EDGE_CURVE('',#642,#641,#389,.T.);
#781=EDGE_CURVE('',#643,#642,#390,.T.);
#782=EDGE_CURVE('',#644,#643,#64,.T.);
#783=EDGE_CURVE('',#645,#644,#391,.T.);
#784=EDGE_CURVE('',#646,#645,#392,.T.);
#785=EDGE_CURVE('',#646,#638,#393,.T.);
#786=EDGE_CURVE('',#647,#648,#632,.T.);
#787=EDGE_CURVE('',#648,#649,#394,.T.);
#788=EDGE_CURVE('',#649,#650,#633,.T.);
#789=EDGE_CURVE('',#650,#647,#395,.T.);
#790=EDGE_CURVE('',#648,#651,#396,.T.);
#791=EDGE_CURVE('',#651,#652,#397,.T.);
#792=EDGE_CURVE('',#652,#653,#65,.T.);
#793=EDGE_CURVE('',#653,#654,#398,.T.);
#794=EDGE_CURVE('',#654,#655,#66,.T.);
#795=EDGE_CURVE('',#655,#649,#67,.T.);
#796=EDGE_CURVE('',#656,#656,#68,.F.);
#797=EDGE_CURVE('',#657,#658,#399,.F.);
#798=EDGE_CURVE('',#658,#659,#69,.T.);
#799=EDGE_CURVE('',#659,#660,#400,.T.);
#800=EDGE_CURVE('',#660,#657,#70,.T.);
#801=EDGE_CURVE('',#659,#661,#401,.T.);
#802=EDGE_CURVE('',#661,#662,#402,.T.);
#803=EDGE_CURVE('',#662,#660,#403,.T.);
#804=EDGE_CURVE('',#663,#664,#404,.T.);
#805=EDGE_CURVE('',#664,#662,#71,.T.);
#806=EDGE_CURVE('',#661,#663,#72,.T.);
#807=EDGE_CURVE('',#665,#666,#405,.T.);
#808=EDGE_CURVE('',#666,#664,#406,.T.);
#809=EDGE_CURVE('',#663,#665,#407,.T.);
#810=EDGE_CURVE('',#665,#667,#73,.T.);
#811=EDGE_CURVE('',#667,#668,#408,.T.);
#812=EDGE_CURVE('',#668,#666,#74,.T.);
#813=EDGE_CURVE('',#669,#670,#409,.T.);
#814=EDGE_CURVE('',#670,#668,#410,.T.);
#815=EDGE_CURVE('',#667,#669,#411,.T.);
#816=EDGE_CURVE('',#671,#672,#412,.T.);
#817=EDGE_CURVE('',#672,#670,#75,.T.);
#818=EDGE_CURVE('',#669,#671,#76,.T.);
#819=EDGE_CURVE('',#671,#673,#77,.T.);
#820=EDGE_CURVE('',#673,#674,#413,.T.);
#821=EDGE_CURVE('',#674,#672,#78,.T.);
#822=EDGE_CURVE('',#675,#676,#414,.T.);
#823=EDGE_CURVE('',#676,#674,#415,.T.);
#824=EDGE_CURVE('',#673,#675,#416,.T.);
#825=EDGE_CURVE('',#677,#678,#417,.T.);
#826=EDGE_CURVE('',#678,#676,#79,.T.);
#827=EDGE_CURVE('',#675,#677,#80,.T.);
#828=EDGE_CURVE('',#679,#642,#418,.T.);
#829=EDGE_CURVE('',#642,#678,#81,.T.);
#830=EDGE_CURVE('',#677,#679,#82,.T.);
#831=EDGE_CURVE('',#679,#680,#419,.T.);
#832=EDGE_CURVE('',#680,#643,#420,.T.);
#833=EDGE_CURVE('',#680,#681,#83,.T.);
#834=EDGE_CURVE('',#681,#644,#421,.T.);
#835=EDGE_CURVE('',#681,#682,#422,.T.);
#836=EDGE_CURVE('',#682,#645,#423,.T.);
#837=EDGE_CURVE('',#683,#684,#424,.T.);
#838=EDGE_CURVE('',#684,#645,#84,.T.);
#839=EDGE_CURVE('',#682,#683,#85,.T.);
#840=EDGE_CURVE('',#683,#685,#425,.T.);
#841=EDGE_CURVE('',#685,#686,#426,.T.);
#842=EDGE_CURVE('',#686,#684,#427,.T.);
#843=EDGE_CURVE('',#687,#688,#428,.F.);
#844=EDGE_CURVE('',#688,#686,#86,.T.);
#845=EDGE_CURVE('',#685,#687,#87,.T.);
#846=EDGE_CURVE('',#685,#689,#429,.T.);
#847=EDGE_CURVE('',#689,#690,#88,.T.);
#848=EDGE_CURVE('',#687,#690,#430,.T.);
#849=EDGE_CURVE('',#680,#667,#431,.T.);
#850=EDGE_CURVE('',#691,#691,#89,.T.);
#851=EDGE_CURVE('',#692,#692,#90,.T.);
#852=EDGE_CURVE('',#665,#681,#432,.T.);
#853=EDGE_CURVE('',#659,#693,#433,.T.);
#854=EDGE_CURVE('',#689,#693,#434,.T.);
#855=EDGE_CURVE('',#658,#694,#435,.T.);
#856=EDGE_CURVE('',#693,#694,#91,.T.);
#857=EDGE_CURVE('',#647,#695,#92,.T.);
#858=EDGE_CURVE('',#695,#696,#436,.T.);
#859=EDGE_CURVE('',#696,#651,#93,.T.);
#860=EDGE_CURVE('',#697,#698,#437,.T.);
#861=EDGE_CURVE('',#698,#696,#438,.T.);
#862=EDGE_CURVE('',#695,#697,#439,.T.);
#863=EDGE_CURVE('',#699,#700,#440,.T.);
#864=EDGE_CURVE('',#700,#698,#94,.T.);
#865=EDGE_CURVE('',#697,#699,#95,.T.);
#866=EDGE_CURVE('',#699,#701,#96,.T.);
#867=EDGE_CURVE('',#701,#702,#441,.T.);
#868=EDGE_CURVE('',#702,#700,#97,.T.);
#869=EDGE_CURVE('',#703,#704,#442,.T.);
#870=EDGE_CURVE('',#704,#702,#443,.T.);
#871=EDGE_CURVE('',#701,#703,#444,.T.);
#872=EDGE_CURVE('',#705,#706,#445,.T.);
#873=EDGE_CURVE('',#706,#704,#98,.T.);
#874=EDGE_CURVE('',#703,#705,#99,.T.);
#875=EDGE_CURVE('',#705,#641,#100,.T.);
#876=EDGE_CURVE('',#641,#707,#446,.T.);
#877=EDGE_CURVE('',#707,#706,#101,.T.);
#878=EDGE_CURVE('',#640,#708,#447,.T.);
#879=EDGE_CURVE('',#708,#707,#448,.T.);
#880=EDGE_CURVE('',#636,#709,#449,.T.);
#881=EDGE_CURVE('',#709,#708,#102,.T.);
#882=EDGE_CURVE('',#705,#710,#450,.T.);
#883=EDGE_CURVE('',#710,#711,#103,.T.);
#884=EDGE_CURVE('',#712,#711,#451,.T.);
#885=EDGE_CURVE('',#712,#713,#104,.T.);
#886=EDGE_CURVE('',#713,#678,#452,.T.);
#887=EDGE_CURVE('',#703,#714,#453,.T.);
#888=EDGE_CURVE('',#714,#710,#105,.T.);
#889=EDGE_CURVE('',#701,#715,#454,.T.);
#890=EDGE_CURVE('',#715,#714,#455,.T.);
#891=EDGE_CURVE('',#716,#699,#456,.T.);
#892=EDGE_CURVE('',#715,#716,#106,.T.);
#893=EDGE_CURVE('',#672,#717,#457,.T.);
#894=EDGE_CURVE('',#718,#717,#107,.F.);
#895=EDGE_CURVE('',#719,#718,#458,.T.);
#896=EDGE_CURVE('',#719,#716,#108,.T.);
#897=EDGE_CURVE('',#697,#670,#459,.T.);
#898=EDGE_CURVE('',#650,#720,#460,.T.);
#899=EDGE_CURVE('',#664,#720,#461,.T.);
#900=EDGE_CURVE('',#709,#651,#462,.T.);
#901=EDGE_CURVE('',#696,#708,#463,.T.);
#902=EDGE_CURVE('',#721,#709,#464,.T.);
#903=EDGE_CURVE('',#722,#721,#465,.T.);
#904=EDGE_CURVE('',#722,#723,#466,.T.);
#905=EDGE_CURVE('',#723,#652,#467,.T.);
#906=EDGE_CURVE('',#720,#724,#634,.T.);
#907=EDGE_CURVE('',#724,#662,#468,.T.);
#908=EDGE_CURVE('',#684,#725,#469,.T.);
#909=EDGE_CURVE('',#725,#646,#635,.T.);
#910=EDGE_CURVE('',#688,#726,#470,.T.);
#911=EDGE_CURVE('',#726,#727,#109,.T.);
#912=EDGE_CURVE('',#725,#727,#110,.T.);
#913=EDGE_CURVE('',#728,#728,#111,.T.);
#914=EDGE_CURVE('',#729,#729,#112,.F.);
#915=EDGE_CURVE('',#730,#730,#113,.T.);
#916=EDGE_CURVE('',#731,#731,#114,.T.);
#917=EDGE_CURVE('',#732,#732,#115,.T.);
#918=EDGE_CURVE('',#639,#733,#116,.T.);
#919=EDGE_CURVE('',#734,#733,#117,.T.);
#920=EDGE_CURVE('',#735,#734,#471,.T.);
#921=EDGE_CURVE('',#721,#735,#118,.T.);
#922=EDGE_CURVE('',#736,#736,#119,.T.);
#923=EDGE_CURVE('',#722,#737,#120,.T.);
#924=EDGE_CURVE('',#737,#735,#472,.T.);
#925=EDGE_CURVE('',#737,#738,#473,.T.);
#926=EDGE_CURVE('',#738,#734,#474,.T.);
#927=EDGE_CURVE('',#738,#739,#121,.T.);
#928=EDGE_CURVE('',#739,#733,#475,.T.);
#929=EDGE_CURVE('',#736,#740,#476,.T.);
#930=EDGE_CURVE('',#740,#740,#122,.T.);
#931=EDGE_CURVE('',#741,#739,#123,.T.);
#932=EDGE_CURVE('',#742,#741,#124,.T.);
#933=EDGE_CURVE('',#743,#742,#477,.T.);
#934=EDGE_CURVE('',#723,#743,#125,.T.);
#935=EDGE_CURVE('',#744,#744,#126,.F.);
#936=EDGE_CURVE('',#743,#653,#478,.T.);
#937=EDGE_CURVE('',#742,#654,#479,.T.);
#938=EDGE_CURVE('',#741,#655,#480,.T.);
#939=EDGE_CURVE('',#656,#744,#481,.T.);
#940=EDGE_CURVE('',#745,#724,#127,.T.);
#941=EDGE_CURVE('',#746,#745,#128,.T.);
#942=EDGE_CURVE('',#657,#746,#482,.T.);
#943=EDGE_CURVE('',#747,#747,#129,.T.);
#944=EDGE_CURVE('',#748,#748,#130,.T.);
#945=EDGE_CURVE('',#749,#749,#131,.T.);
#946=EDGE_CURVE('',#750,#750,#132,.F.);
#947=EDGE_CURVE('',#751,#751,#133,.T.);
#948=EDGE_CURVE('',#690,#752,#483,.T.);
#949=EDGE_CURVE('',#726,#752,#484,.T.);
#950=EDGE_CURVE('',#752,#753,#134,.T.);
#951=EDGE_CURVE('',#727,#753,#485,.T.);
#952=EDGE_CURVE('',#754,#754,#135,.T.);
#953=EDGE_CURVE('',#754,#732,#486,.T.);
#954=EDGE_CURVE('',#755,#755,#136,.T.);
#955=EDGE_CURVE('',#755,#731,#487,.T.);
#956=EDGE_CURVE('',#756,#756,#137,.T.);
#957=EDGE_CURVE('',#756,#730,#488,.T.);
#958=EDGE_CURVE('',#757,#757,#138,.F.);
#959=EDGE_CURVE('',#757,#729,#489,.T.);
#960=EDGE_CURVE('',#758,#758,#139,.T.);
#961=EDGE_CURVE('',#758,#728,#490,.T.);
#962=EDGE_CURVE('',#746,#759,#491,.T.);
#963=EDGE_CURVE('',#694,#759,#492,.T.);
#964=EDGE_CURVE('',#745,#760,#493,.T.);
#965=EDGE_CURVE('',#759,#760,#140,.T.);
#966=EDGE_CURVE('',#760,#753,#141,.T.);
#967=EDGE_CURVE('',#761,#761,#142,.T.);
#968=EDGE_CURVE('',#761,#747,#494,.T.);
#969=EDGE_CURVE('',#762,#762,#143,.T.);
#970=EDGE_CURVE('',#762,#748,#495,.T.);
#971=EDGE_CURVE('',#763,#763,#144,.T.);
#972=EDGE_CURVE('',#763,#749,#496,.T.);
#973=EDGE_CURVE('',#764,#764,#145,.F.);
#974=EDGE_CURVE('',#764,#750,#497,.T.);
#975=EDGE_CURVE('',#765,#765,#146,.T.);
#976=EDGE_CURVE('',#765,#751,#498,.T.);
#977=EDGE_CURVE('',#692,#766,#499,.T.);
#978=EDGE_CURVE('',#766,#766,#147,.T.);
#979=EDGE_CURVE('',#767,#713,#148,.T.);
#980=EDGE_CURVE('',#767,#676,#500,.T.);
#981=EDGE_CURVE('',#768,#767,#501,.T.);
#982=EDGE_CURVE('',#768,#674,#502,.T.);
#983=EDGE_CURVE('',#718,#712,#503,.T.);
#984=EDGE_CURVE('',#768,#717,#149,.T.);
#985=EDGE_CURVE('',#769,#769,#150,.T.);
#986=EDGE_CURVE('',#691,#769,#504,.T.);
#987=EDGE_CURVE('',#719,#711,#505,.T.);
#988=EDGE_CURVE('',#770,#770,#151,.T.);
#989=EDGE_CURVE('',#770,#771,#506,.T.);
#990=EDGE_CURVE('',#771,#771,#152,.T.);
#991=EDGE_CURVE('',#772,#772,#153,.T.);
#992=EDGE_CURVE('',#773,#773,#154,.T.);
#993=EDGE_CURVE('',#773,#772,#507,.T.);
#994=ORIENTED_EDGE('',*,*,#774,.T.);
#995=ORIENTED_EDGE('',*,*,#775,.T.);
#996=ORIENTED_EDGE('',*,*,#776,.T.);
#997=ORIENTED_EDGE('',*,*,#777,.T.);
#998=ORIENTED_EDGE('',*,*,#775,.F.);
#999=ORIENTED_EDGE('',*,*,#778,.F.);
#1000=ORIENTED_EDGE('',*,*,#779,.F.);
#1001=ORIENTED_EDGE('',*,*,#780,.F.);
#1002=ORIENTED_EDGE('',*,*,#781,.F.);
#1003=ORIENTED_EDGE('',*,*,#782,.F.);
#1004=ORIENTED_EDGE('',*,*,#783,.F.);
#1005=ORIENTED_EDGE('',*,*,#784,.F.);
#1006=ORIENTED_EDGE('',*,*,#785,.T.);
#1007=ORIENTED_EDGE('',*,*,#786,.T.);
#1008=ORIENTED_EDGE('',*,*,#787,.T.);
#1009=ORIENTED_EDGE('',*,*,#788,.T.);
#1010=ORIENTED_EDGE('',*,*,#789,.T.);
#1011=ORIENTED_EDGE('',*,*,#787,.F.);
#1012=ORIENTED_EDGE('',*,*,#790,.T.);
#1013=ORIENTED_EDGE('',*,*,#791,.T.);
#1014=ORIENTED_EDGE('',*,*,#792,.T.);
#1015=ORIENTED_EDGE('',*,*,#793,.T.);
#1016=ORIENTED_EDGE('',*,*,#794,.T.);
#1017=ORIENTED_EDGE('',*,*,#795,.T.);
#1018=ORIENTED_EDGE('',*,*,#796,.T.);
#1019=ORIENTED_EDGE('',*,*,#797,.T.);
#1020=ORIENTED_EDGE('',*,*,#798,.T.);
#1021=ORIENTED_EDGE('',*,*,#799,.T.);
#1022=ORIENTED_EDGE('',*,*,#800,.T.);
#1023=ORIENTED_EDGE('',*,*,#799,.F.);
#1024=ORIENTED_EDGE('',*,*,#801,.T.);
#1025=ORIENTED_EDGE('',*,*,#802,.T.);
#1026=ORIENTED_EDGE('',*,*,#803,.T.);
#1027=ORIENTED_EDGE('',*,*,#804,.T.);
#1028=ORIENTED_EDGE('',*,*,#805,.T.);
#1029=ORIENTED_EDGE('',*,*,#802,.F.);
#1030=ORIENTED_EDGE('',*,*,#806,.T.);
#1031=ORIENTED_EDGE('',*,*,#807,.T.);
#1032=ORIENTED_EDGE('',*,*,#808,.T.);
#1033=ORIENTED_EDGE('',*,*,#804,.F.);
#1034=ORIENTED_EDGE('',*,*,#809,.T.);
#1035=ORIENTED_EDGE('',*,*,#807,.F.);
#1036=ORIENTED_EDGE('',*,*,#810,.T.);
#1037=ORIENTED_EDGE('',*,*,#811,.T.);
#1038=ORIENTED_EDGE('',*,*,#812,.T.);
#1039=ORIENTED_EDGE('',*,*,#813,.T.);
#1040=ORIENTED_EDGE('',*,*,#814,.T.);
#1041=ORIENTED_EDGE('',*,*,#811,.F.);
#1042=ORIENTED_EDGE('',*,*,#815,.T.);
#1043=ORIENTED_EDGE('',*,*,#816,.T.);
#1044=ORIENTED_EDGE('',*,*,#817,.T.);
#1045=ORIENTED_EDGE('',*,*,#813,.F.);
#1046=ORIENTED_EDGE('',*,*,#818,.T.);
#1047=ORIENTED_EDGE('',*,*,#816,.F.);
#1048=ORIENTED_EDGE('',*,*,#819,.T.);
#1049=ORIENTED_EDGE('',*,*,#820,.T.);
#1050=ORIENTED_EDGE('',*,*,#821,.T.);
#1051=ORIENTED_EDGE('',*,*,#822,.T.);
#1052=ORIENTED_EDGE('',*,*,#823,.T.);
#1053=ORIENTED_EDGE('',*,*,#820,.F.);
#1054=ORIENTED_EDGE('',*,*,#824,.T.);
#1055=ORIENTED_EDGE('',*,*,#825,.T.);
#1056=ORIENTED_EDGE('',*,*,#826,.T.);
#1057=ORIENTED_EDGE('',*,*,#822,.F.);
#1058=ORIENTED_EDGE('',*,*,#827,.T.);
#1059=ORIENTED_EDGE('',*,*,#828,.T.);
#1060=ORIENTED_EDGE('',*,*,#829,.T.);
#1061=ORIENTED_EDGE('',*,*,#825,.F.);
#1062=ORIENTED_EDGE('',*,*,#830,.T.);
#1063=ORIENTED_EDGE('',*,*,#828,.F.);
#1064=ORIENTED_EDGE('',*,*,#831,.T.);
#1065=ORIENTED_EDGE('',*,*,#832,.T.);
#1066=ORIENTED_EDGE('',*,*,#781,.T.);
#1067=ORIENTED_EDGE('',*,*,#832,.F.);
#1068=ORIENTED_EDGE('',*,*,#833,.T.);
#1069=ORIENTED_EDGE('',*,*,#834,.T.);
#1070=ORIENTED_EDGE('',*,*,#782,.T.);
#1071=ORIENTED_EDGE('',*,*,#834,.F.);
#1072=ORIENTED_EDGE('',*,*,#835,.T.);
#1073=ORIENTED_EDGE('',*,*,#836,.T.);
#1074=ORIENTED_EDGE('',*,*,#783,.T.);
#1075=ORIENTED_EDGE('',*,*,#837,.T.);
#1076=ORIENTED_EDGE('',*,*,#838,.T.);
#1077=ORIENTED_EDGE('',*,*,#836,.F.);
#1078=ORIENTED_EDGE('',*,*,#839,.T.);
#1079=ORIENTED_EDGE('',*,*,#837,.F.);
#1080=ORIENTED_EDGE('',*,*,#840,.T.);
#1081=ORIENTED_EDGE('',*,*,#841,.T.);
#1082=ORIENTED_EDGE('',*,*,#842,.T.);
#1083=ORIENTED_EDGE('',*,*,#843,.T.);
#1084=ORIENTED_EDGE('',*,*,#844,.T.);
#1085=ORIENTED_EDGE('',*,*,#841,.F.);
#1086=ORIENTED_EDGE('',*,*,#845,.T.);
#1087=ORIENTED_EDGE('',*,*,#845,.F.);
#1088=ORIENTED_EDGE('',*,*,#846,.T.);
#1089=ORIENTED_EDGE('',*,*,#847,.T.);
#1090=ORIENTED_EDGE('',*,*,#848,.F.);
#1091=ORIENTED_EDGE('',*,*,#831,.F.);
#1092=ORIENTED_EDGE('',*,*,#830,.F.);
#1093=ORIENTED_EDGE('',*,*,#827,.F.);
#1094=ORIENTED_EDGE('',*,*,#824,.F.);
#1095=ORIENTED_EDGE('',*,*,#819,.F.);
#1096=ORIENTED_EDGE('',*,*,#818,.F.);
#1097=ORIENTED_EDGE('',*,*,#815,.F.);
#1098=ORIENTED_EDGE('',*,*,#849,.F.);
#1099=ORIENTED_EDGE('',*,*,#850,.T.);
#1100=ORIENTED_EDGE('',*,*,#851,.F.);
#1101=ORIENTED_EDGE('',*,*,#833,.F.);
#1102=ORIENTED_EDGE('',*,*,#849,.T.);
#1103=ORIENTED_EDGE('',*,*,#810,.F.);
#1104=ORIENTED_EDGE('',*,*,#852,.T.);
#1105=ORIENTED_EDGE('',*,*,#840,.F.);
#1106=ORIENTED_EDGE('',*,*,#839,.F.);
#1107=ORIENTED_EDGE('',*,*,#835,.F.);
#1108=ORIENTED_EDGE('',*,*,#852,.F.);
#1109=ORIENTED_EDGE('',*,*,#809,.F.);
#1110=ORIENTED_EDGE('',*,*,#806,.F.);
#1111=ORIENTED_EDGE('',*,*,#801,.F.);
#1112=ORIENTED_EDGE('',*,*,#853,.T.);
#1113=ORIENTED_EDGE('',*,*,#854,.F.);
#1114=ORIENTED_EDGE('',*,*,#846,.F.);
#1115=ORIENTED_EDGE('',*,*,#798,.F.);
#1116=ORIENTED_EDGE('',*,*,#855,.T.);
#1117=ORIENTED_EDGE('',*,*,#856,.F.);
#1118=ORIENTED_EDGE('',*,*,#853,.F.);
#1119=ORIENTED_EDGE('',*,*,#790,.F.);
#1120=ORIENTED_EDGE('',*,*,#786,.F.);
#1121=ORIENTED_EDGE('',*,*,#857,.T.);
#1122=ORIENTED_EDGE('',*,*,#858,.T.);
#1123=ORIENTED_EDGE('',*,*,#859,.T.);
#1124=ORIENTED_EDGE('',*,*,#860,.T.);
#1125=ORIENTED_EDGE('',*,*,#861,.T.);
#1126=ORIENTED_EDGE('',*,*,#858,.F.);
#1127=ORIENTED_EDGE('',*,*,#862,.T.);
#1128=ORIENTED_EDGE('',*,*,#863,.T.);
#1129=ORIENTED_EDGE('',*,*,#864,.T.);
#1130=ORIENTED_EDGE('',*,*,#860,.F.);
#1131=ORIENTED_EDGE('',*,*,#865,.T.);
#1132=ORIENTED_EDGE('',*,*,#863,.F.);
#1133=ORIENTED_EDGE('',*,*,#866,.T.);
#1134=ORIENTED_EDGE('',*,*,#867,.T.);
#1135=ORIENTED_EDGE('',*,*,#868,.T.);
#1136=ORIENTED_EDGE('',*,*,#869,.T.);
#1137=ORIENTED_EDGE('',*,*,#870,.T.);
#1138=ORIENTED_EDGE('',*,*,#867,.F.);
#1139=ORIENTED_EDGE('',*,*,#871,.T.);
#1140=ORIENTED_EDGE('',*,*,#872,.T.);
#1141=ORIENTED_EDGE('',*,*,#873,.T.);
#1142=ORIENTED_EDGE('',*,*,#869,.F.);
#1143=ORIENTED_EDGE('',*,*,#874,.T.);
#1144=ORIENTED_EDGE('',*,*,#872,.F.);
#1145=ORIENTED_EDGE('',*,*,#875,.T.);
#1146=ORIENTED_EDGE('',*,*,#876,.T.);
#1147=ORIENTED_EDGE('',*,*,#877,.T.);
#1148=ORIENTED_EDGE('',*,*,#876,.F.);
#1149=ORIENTED_EDGE('',*,*,#779,.T.);
#1150=ORIENTED_EDGE('',*,*,#878,.T.);
#1151=ORIENTED_EDGE('',*,*,#879,.T.);
#1152=ORIENTED_EDGE('',*,*,#880,.T.);
#1153=ORIENTED_EDGE('',*,*,#881,.T.);
#1154=ORIENTED_EDGE('',*,*,#878,.F.);
#1155=ORIENTED_EDGE('',*,*,#778,.T.);
#1156=ORIENTED_EDGE('',*,*,#774,.F.);
#1157=ORIENTED_EDGE('',*,*,#829,.F.);
#1158=ORIENTED_EDGE('',*,*,#780,.T.);
#1159=ORIENTED_EDGE('',*,*,#875,.F.);
#1160=ORIENTED_EDGE('',*,*,#882,.T.);
#1161=ORIENTED_EDGE('',*,*,#883,.T.);
#1162=ORIENTED_EDGE('',*,*,#884,.F.);
#1163=ORIENTED_EDGE('',*,*,#885,.T.);
#1164=ORIENTED_EDGE('',*,*,#886,.T.);
#1165=ORIENTED_EDGE('',*,*,#874,.F.);
#1166=ORIENTED_EDGE('',*,*,#887,.T.);
#1167=ORIENTED_EDGE('',*,*,#888,.T.);
#1168=ORIENTED_EDGE('',*,*,#882,.F.);
#1169=ORIENTED_EDGE('',*,*,#871,.F.);
#1170=ORIENTED_EDGE('',*,*,#889,.T.);
#1171=ORIENTED_EDGE('',*,*,#890,.T.);
#1172=ORIENTED_EDGE('',*,*,#887,.F.);
#1173=ORIENTED_EDGE('',*,*,#866,.F.);
#1174=ORIENTED_EDGE('',*,*,#891,.F.);
#1175=ORIENTED_EDGE('',*,*,#892,.F.);
#1176=ORIENTED_EDGE('',*,*,#889,.F.);
#1177=ORIENTED_EDGE('',*,*,#817,.F.);
#1178=ORIENTED_EDGE('',*,*,#893,.T.);
#1179=ORIENTED_EDGE('',*,*,#894,.F.);
#1180=ORIENTED_EDGE('',*,*,#895,.F.);
#1181=ORIENTED_EDGE('',*,*,#896,.T.);
#1182=ORIENTED_EDGE('',*,*,#891,.T.);
#1183=ORIENTED_EDGE('',*,*,#865,.F.);
#1184=ORIENTED_EDGE('',*,*,#897,.T.);
#1185=ORIENTED_EDGE('',*,*,#789,.F.);
#1186=ORIENTED_EDGE('',*,*,#898,.T.);
#1187=ORIENTED_EDGE('',*,*,#899,.F.);
#1188=ORIENTED_EDGE('',*,*,#808,.F.);
#1189=ORIENTED_EDGE('',*,*,#812,.F.);
#1190=ORIENTED_EDGE('',*,*,#814,.F.);
#1191=ORIENTED_EDGE('',*,*,#897,.F.);
#1192=ORIENTED_EDGE('',*,*,#862,.F.);
#1193=ORIENTED_EDGE('',*,*,#857,.F.);
#1194=ORIENTED_EDGE('',*,*,#881,.F.);
#1195=ORIENTED_EDGE('',*,*,#900,.T.);
#1196=ORIENTED_EDGE('',*,*,#859,.F.);
#1197=ORIENTED_EDGE('',*,*,#901,.T.);
#1198=ORIENTED_EDGE('',*,*,#902,.F.);
#1199=ORIENTED_EDGE('',*,*,#903,.F.);
#1200=ORIENTED_EDGE('',*,*,#904,.T.);
#1201=ORIENTED_EDGE('',*,*,#905,.T.);
#1202=ORIENTED_EDGE('',*,*,#791,.F.);
#1203=ORIENTED_EDGE('',*,*,#900,.F.);
#1204=ORIENTED_EDGE('',*,*,#805,.F.);
#1205=ORIENTED_EDGE('',*,*,#899,.T.);
#1206=ORIENTED_EDGE('',*,*,#906,.T.);
#1207=ORIENTED_EDGE('',*,*,#907,.T.);
#1208=ORIENTED_EDGE('',*,*,#838,.F.);
#1209=ORIENTED_EDGE('',*,*,#908,.T.);
#1210=ORIENTED_EDGE('',*,*,#909,.T.);
#1211=ORIENTED_EDGE('',*,*,#784,.T.);
#1212=ORIENTED_EDGE('',*,*,#910,.T.);
#1213=ORIENTED_EDGE('',*,*,#911,.T.);
#1214=ORIENTED_EDGE('',*,*,#912,.F.);
#1215=ORIENTED_EDGE('',*,*,#908,.F.);
#1216=ORIENTED_EDGE('',*,*,#842,.F.);
#1217=ORIENTED_EDGE('',*,*,#844,.F.);
#1218=ORIENTED_EDGE('',*,*,#913,.T.);
#1219=ORIENTED_EDGE('',*,*,#914,.T.);
#1220=ORIENTED_EDGE('',*,*,#915,.T.);
#1221=ORIENTED_EDGE('',*,*,#916,.T.);
#1222=ORIENTED_EDGE('',*,*,#917,.T.);
#1223=ORIENTED_EDGE('',*,*,#777,.F.);
#1224=ORIENTED_EDGE('',*,*,#918,.T.);
#1225=ORIENTED_EDGE('',*,*,#919,.F.);
#1226=ORIENTED_EDGE('',*,*,#920,.F.);
#1227=ORIENTED_EDGE('',*,*,#921,.F.);
#1228=ORIENTED_EDGE('',*,*,#902,.T.);
#1229=ORIENTED_EDGE('',*,*,#880,.F.);
#1230=ORIENTED_EDGE('',*,*,#922,.F.);
#1231=ORIENTED_EDGE('',*,*,#923,.F.);
#1232=ORIENTED_EDGE('',*,*,#903,.T.);
#1233=ORIENTED_EDGE('',*,*,#921,.T.);
#1234=ORIENTED_EDGE('',*,*,#924,.F.);
#1235=ORIENTED_EDGE('',*,*,#925,.F.);
#1236=ORIENTED_EDGE('',*,*,#924,.T.);
#1237=ORIENTED_EDGE('',*,*,#920,.T.);
#1238=ORIENTED_EDGE('',*,*,#926,.F.);
#1239=ORIENTED_EDGE('',*,*,#927,.F.);
#1240=ORIENTED_EDGE('',*,*,#926,.T.);
#1241=ORIENTED_EDGE('',*,*,#919,.T.);
#1242=ORIENTED_EDGE('',*,*,#928,.F.);
#1243=ORIENTED_EDGE('',*,*,#922,.T.);
#1244=ORIENTED_EDGE('',*,*,#929,.T.);
#1245=ORIENTED_EDGE('',*,*,#930,.F.);
#1246=ORIENTED_EDGE('',*,*,#929,.F.);
#1247=ORIENTED_EDGE('',*,*,#904,.F.);
#1248=ORIENTED_EDGE('',*,*,#923,.T.);
#1249=ORIENTED_EDGE('',*,*,#925,.T.);
#1250=ORIENTED_EDGE('',*,*,#927,.T.);
#1251=ORIENTED_EDGE('',*,*,#931,.F.);
#1252=ORIENTED_EDGE('',*,*,#932,.F.);
#1253=ORIENTED_EDGE('',*,*,#933,.F.);
#1254=ORIENTED_EDGE('',*,*,#934,.F.);
#1255=ORIENTED_EDGE('',*,*,#930,.T.);
#1256=ORIENTED_EDGE('',*,*,#935,.F.);
#1257=ORIENTED_EDGE('',*,*,#934,.T.);
#1258=ORIENTED_EDGE('',*,*,#936,.T.);
#1259=ORIENTED_EDGE('',*,*,#792,.F.);
#1260=ORIENTED_EDGE('',*,*,#905,.F.);
#1261=ORIENTED_EDGE('',*,*,#933,.T.);
#1262=ORIENTED_EDGE('',*,*,#937,.T.);
#1263=ORIENTED_EDGE('',*,*,#793,.F.);
#1264=ORIENTED_EDGE('',*,*,#936,.F.);
#1265=ORIENTED_EDGE('',*,*,#932,.T.);
#1266=ORIENTED_EDGE('',*,*,#938,.T.);
#1267=ORIENTED_EDGE('',*,*,#794,.F.);
#1268=ORIENTED_EDGE('',*,*,#937,.F.);
#1269=ORIENTED_EDGE('',*,*,#796,.F.);
#1270=ORIENTED_EDGE('',*,*,#939,.T.);
#1271=ORIENTED_EDGE('',*,*,#935,.T.);
#1272=ORIENTED_EDGE('',*,*,#939,.F.);
#1273=ORIENTED_EDGE('',*,*,#803,.F.);
#1274=ORIENTED_EDGE('',*,*,#907,.F.);
#1275=ORIENTED_EDGE('',*,*,#940,.F.);
#1276=ORIENTED_EDGE('',*,*,#941,.F.);
#1277=ORIENTED_EDGE('',*,*,#942,.F.);
#1278=ORIENTED_EDGE('',*,*,#800,.F.);
#1279=ORIENTED_EDGE('',*,*,#943,.F.);
#1280=ORIENTED_EDGE('',*,*,#944,.F.);
#1281=ORIENTED_EDGE('',*,*,#945,.F.);
#1282=ORIENTED_EDGE('',*,*,#946,.F.);
#1283=ORIENTED_EDGE('',*,*,#947,.F.);
#1284=ORIENTED_EDGE('',*,*,#910,.F.);
#1285=ORIENTED_EDGE('',*,*,#843,.F.);
#1286=ORIENTED_EDGE('',*,*,#848,.T.);
#1287=ORIENTED_EDGE('',*,*,#948,.T.);
#1288=ORIENTED_EDGE('',*,*,#949,.F.);
#1289=ORIENTED_EDGE('',*,*,#911,.F.);
#1290=ORIENTED_EDGE('',*,*,#949,.T.);
#1291=ORIENTED_EDGE('',*,*,#950,.T.);
#1292=ORIENTED_EDGE('',*,*,#951,.F.);
#1293=ORIENTED_EDGE('',*,*,#952,.T.);
#1294=ORIENTED_EDGE('',*,*,#953,.T.);
#1295=ORIENTED_EDGE('',*,*,#917,.F.);
#1296=ORIENTED_EDGE('',*,*,#953,.F.);
#1297=ORIENTED_EDGE('',*,*,#954,.T.);
#1298=ORIENTED_EDGE('',*,*,#955,.T.);
#1299=ORIENTED_EDGE('',*,*,#916,.F.);
#1300=ORIENTED_EDGE('',*,*,#955,.F.);
#1301=ORIENTED_EDGE('',*,*,#956,.T.);
#1302=ORIENTED_EDGE('',*,*,#957,.T.);
#1303=ORIENTED_EDGE('',*,*,#915,.F.);
#1304=ORIENTED_EDGE('',*,*,#957,.F.);
#1305=ORIENTED_EDGE('',*,*,#958,.T.);
#1306=ORIENTED_EDGE('',*,*,#959,.T.);
#1307=ORIENTED_EDGE('',*,*,#914,.F.);
#1308=ORIENTED_EDGE('',*,*,#959,.F.);
#1309=ORIENTED_EDGE('',*,*,#960,.T.);
#1310=ORIENTED_EDGE('',*,*,#961,.T.);
#1311=ORIENTED_EDGE('',*,*,#913,.F.);
#1312=ORIENTED_EDGE('',*,*,#961,.F.);
#1313=ORIENTED_EDGE('',*,*,#942,.T.);
#1314=ORIENTED_EDGE('',*,*,#962,.T.);
#1315=ORIENTED_EDGE('',*,*,#963,.F.);
#1316=ORIENTED_EDGE('',*,*,#855,.F.);
#1317=ORIENTED_EDGE('',*,*,#797,.F.);
#1318=ORIENTED_EDGE('',*,*,#941,.T.);
#1319=ORIENTED_EDGE('',*,*,#964,.T.);
#1320=ORIENTED_EDGE('',*,*,#965,.F.);
#1321=ORIENTED_EDGE('',*,*,#962,.F.);
#1322=ORIENTED_EDGE('',*,*,#940,.T.);
#1323=ORIENTED_EDGE('',*,*,#906,.F.);
#1324=ORIENTED_EDGE('',*,*,#898,.F.);
#1325=ORIENTED_EDGE('',*,*,#788,.F.);
#1326=ORIENTED_EDGE('',*,*,#795,.F.);
#1327=ORIENTED_EDGE('',*,*,#938,.F.);
#1328=ORIENTED_EDGE('',*,*,#931,.T.);
#1329=ORIENTED_EDGE('',*,*,#928,.T.);
#1330=ORIENTED_EDGE('',*,*,#918,.F.);
#1331=ORIENTED_EDGE('',*,*,#776,.F.);
#1332=ORIENTED_EDGE('',*,*,#785,.F.);
#1333=ORIENTED_EDGE('',*,*,#909,.F.);
#1334=ORIENTED_EDGE('',*,*,#912,.T.);
#1335=ORIENTED_EDGE('',*,*,#951,.T.);
#1336=ORIENTED_EDGE('',*,*,#966,.F.);
#1337=ORIENTED_EDGE('',*,*,#964,.F.);
#1338=ORIENTED_EDGE('',*,*,#967,.F.);
#1339=ORIENTED_EDGE('',*,*,#968,.T.);
#1340=ORIENTED_EDGE('',*,*,#943,.T.);
#1341=ORIENTED_EDGE('',*,*,#968,.F.);
#1342=ORIENTED_EDGE('',*,*,#969,.F.);
#1343=ORIENTED_EDGE('',*,*,#970,.T.);
#1344=ORIENTED_EDGE('',*,*,#944,.T.);
#1345=ORIENTED_EDGE('',*,*,#970,.F.);
#1346=ORIENTED_EDGE('',*,*,#971,.F.);
#1347=ORIENTED_EDGE('',*,*,#972,.T.);
#1348=ORIENTED_EDGE('',*,*,#945,.T.);
#1349=ORIENTED_EDGE('',*,*,#972,.F.);
#1350=ORIENTED_EDGE('',*,*,#973,.F.);
#1351=ORIENTED_EDGE('',*,*,#974,.T.);
#1352=ORIENTED_EDGE('',*,*,#946,.T.);
#1353=ORIENTED_EDGE('',*,*,#974,.F.);
#1354=ORIENTED_EDGE('',*,*,#975,.F.);
#1355=ORIENTED_EDGE('',*,*,#976,.T.);
#1356=ORIENTED_EDGE('',*,*,#947,.T.);
#1357=ORIENTED_EDGE('',*,*,#976,.F.);
#1358=ORIENTED_EDGE('',*,*,#854,.T.);
#1359=ORIENTED_EDGE('',*,*,#856,.T.);
#1360=ORIENTED_EDGE('',*,*,#963,.T.);
#1361=ORIENTED_EDGE('',*,*,#965,.T.);
#1362=ORIENTED_EDGE('',*,*,#966,.T.);
#1363=ORIENTED_EDGE('',*,*,#950,.F.);
#1364=ORIENTED_EDGE('',*,*,#948,.F.);
#1365=ORIENTED_EDGE('',*,*,#847,.F.);
#1366=ORIENTED_EDGE('',*,*,#952,.F.);
#1367=ORIENTED_EDGE('',*,*,#954,.F.);
#1368=ORIENTED_EDGE('',*,*,#956,.F.);
#1369=ORIENTED_EDGE('',*,*,#958,.F.);
#1370=ORIENTED_EDGE('',*,*,#960,.F.);
#1371=ORIENTED_EDGE('',*,*,#975,.T.);
#1372=ORIENTED_EDGE('',*,*,#973,.T.);
#1373=ORIENTED_EDGE('',*,*,#971,.T.);
#1374=ORIENTED_EDGE('',*,*,#969,.T.);
#1375=ORIENTED_EDGE('',*,*,#967,.T.);
#1376=ORIENTED_EDGE('',*,*,#851,.T.);
#1377=ORIENTED_EDGE('',*,*,#977,.T.);
#1378=ORIENTED_EDGE('',*,*,#978,.F.);
#1379=ORIENTED_EDGE('',*,*,#977,.F.);
#1380=ORIENTED_EDGE('',*,*,#826,.F.);
#1381=ORIENTED_EDGE('',*,*,#886,.F.);
#1382=ORIENTED_EDGE('',*,*,#979,.F.);
#1383=ORIENTED_EDGE('',*,*,#980,.T.);
#1384=ORIENTED_EDGE('',*,*,#823,.F.);
#1385=ORIENTED_EDGE('',*,*,#980,.F.);
#1386=ORIENTED_EDGE('',*,*,#981,.F.);
#1387=ORIENTED_EDGE('',*,*,#982,.T.);
#1388=ORIENTED_EDGE('',*,*,#983,.F.);
#1389=ORIENTED_EDGE('',*,*,#894,.T.);
#1390=ORIENTED_EDGE('',*,*,#984,.F.);
#1391=ORIENTED_EDGE('',*,*,#981,.T.);
#1392=ORIENTED_EDGE('',*,*,#979,.T.);
#1393=ORIENTED_EDGE('',*,*,#885,.F.);
#1394=ORIENTED_EDGE('',*,*,#978,.T.);
#1395=ORIENTED_EDGE('',*,*,#985,.F.);
#1396=ORIENTED_EDGE('',*,*,#850,.F.);
#1397=ORIENTED_EDGE('',*,*,#986,.T.);
#1398=ORIENTED_EDGE('',*,*,#985,.T.);
#1399=ORIENTED_EDGE('',*,*,#986,.F.);
#1400=ORIENTED_EDGE('',*,*,#821,.F.);
#1401=ORIENTED_EDGE('',*,*,#982,.F.);
#1402=ORIENTED_EDGE('',*,*,#984,.T.);
#1403=ORIENTED_EDGE('',*,*,#893,.F.);
#1404=ORIENTED_EDGE('',*,*,#987,.F.);
#1405=ORIENTED_EDGE('',*,*,#895,.T.);
#1406=ORIENTED_EDGE('',*,*,#983,.T.);
#1407=ORIENTED_EDGE('',*,*,#884,.T.);
#1408=ORIENTED_EDGE('',*,*,#988,.T.);
#1409=ORIENTED_EDGE('',*,*,#989,.T.);
#1410=ORIENTED_EDGE('',*,*,#990,.F.);
#1411=ORIENTED_EDGE('',*,*,#989,.F.);
#1412=ORIENTED_EDGE('',*,*,#879,.F.);
#1413=ORIENTED_EDGE('',*,*,#901,.F.);
#1414=ORIENTED_EDGE('',*,*,#861,.F.);
#1415=ORIENTED_EDGE('',*,*,#864,.F.);
#1416=ORIENTED_EDGE('',*,*,#868,.F.);
#1417=ORIENTED_EDGE('',*,*,#870,.F.);
#1418=ORIENTED_EDGE('',*,*,#873,.F.);
#1419=ORIENTED_EDGE('',*,*,#877,.F.);
#1420=ORIENTED_EDGE('',*,*,#990,.T.);
#1421=ORIENTED_EDGE('',*,*,#991,.F.);
#1422=ORIENTED_EDGE('',*,*,#987,.T.);
#1423=ORIENTED_EDGE('',*,*,#883,.F.);
#1424=ORIENTED_EDGE('',*,*,#888,.F.);
#1425=ORIENTED_EDGE('',*,*,#890,.F.);
#1426=ORIENTED_EDGE('',*,*,#892,.T.);
#1427=ORIENTED_EDGE('',*,*,#896,.F.);
#1428=ORIENTED_EDGE('',*,*,#988,.F.);
#1429=ORIENTED_EDGE('',*,*,#992,.T.);
#1430=ORIENTED_EDGE('',*,*,#992,.F.);
#1431=ORIENTED_EDGE('',*,*,#993,.T.);
#1432=ORIENTED_EDGE('',*,*,#991,.T.);
#1433=ORIENTED_EDGE('',*,*,#993,.F.);
#1434=CYLINDRICAL_SURFACE('',#1569,5.);
#1435=CYLINDRICAL_SURFACE('',#1573,5.);
#1436=CYLINDRICAL_SURFACE('',#1615,10.5);
#1437=CYLINDRICAL_SURFACE('',#1620,4.5);
#1438=CYLINDRICAL_SURFACE('',#1622,10.5);
#1439=CYLINDRICAL_SURFACE('',#1644,11.);
#1440=CYLINDRICAL_SURFACE('',#1647,3.5);
#1441=CYLINDRICAL_SURFACE('',#1650,3.5);
#1442=CYLINDRICAL_SURFACE('',#1652,11.);
#1443=CYLINDRICAL_SURFACE('',#1656,4.5);
#1444=CYLINDRICAL_SURFACE('',#1658,7.5);
#1445=CYLINDRICAL_SURFACE('',#1659,7.5);
#1446=CYLINDRICAL_SURFACE('',#1673,10.5);
#1447=CYLINDRICAL_SURFACE('',#1676,10.5);
#1448=CYLINDRICAL_SURFACE('',#1678,4.);
#1449=CYLINDRICAL_SURFACE('',#1685,10.5);
#1450=CYLINDRICAL_SURFACE('',#1687,10.5);
#1451=CYLINDRICAL_SURFACE('',#1688,4.);
#1452=CYLINDRICAL_SURFACE('',#1698,10.5);
#1453=CYLINDRICAL_SURFACE('',#1700,1.9);
#1454=CYLINDRICAL_SURFACE('',#1702,1.9);
#1455=CYLINDRICAL_SURFACE('',#1704,1.9);
#1456=CYLINDRICAL_SURFACE('',#1706,3.7);
#1457=CYLINDRICAL_SURFACE('',#1708,1.9);
#1458=CYLINDRICAL_SURFACE('',#1711,10.5);
#1459=CYLINDRICAL_SURFACE('',#1713,62.3868962263113);
#1460=CYLINDRICAL_SURFACE('',#1715,1.9);
#1461=CYLINDRICAL_SURFACE('',#1717,1.9);
#1462=CYLINDRICAL_SURFACE('',#1719,1.9);
#1463=CYLINDRICAL_SURFACE('',#1721,3.7);
#1464=CYLINDRICAL_SURFACE('',#1723,1.9);
#1465=CYLINDRICAL_SURFACE('',#1726,1.5);
#1466=CYLINDRICAL_SURFACE('',#1728,3.5);
#1467=CYLINDRICAL_SURFACE('',#1734,1.5);
#1468=CYLINDRICAL_SURFACE('',#1735,3.5);
#1469=CYLINDRICAL_SURFACE('',#1737,1.5);
#1470=CYLINDRICAL_SURFACE('',#1744,1.5);
#1471=ADVANCED_FACE('',(#186),#1434,.F.);
#1472=ADVANCED_FACE('',(#187),#155,.T.);
#1473=ADVANCED_FACE('',(#188),#1435,.F.);
#1474=ADVANCED_FACE('',(#189,#31),#156,.T.);
#1475=ADVANCED_FACE('',(#190),#15,.T.);
#1476=ADVANCED_FACE('',(#191),#157,.T.);
#1477=ADVANCED_FACE('',(#192),#16,.F.);
#1478=ADVANCED_FACE('',(#193),#158,.T.);
#1479=ADVANCED_FACE('',(#194),#17,.F.);
#1480=ADVANCED_FACE('',(#195),#159,.T.);
#1481=ADVANCED_FACE('',(#196),#18,.F.);
#1482=ADVANCED_FACE('',(#197),#19,.T.);
#1483=ADVANCED_FACE('',(#198),#160,.T.);
#1484=ADVANCED_FACE('',(#199),#20,.T.);
#1485=ADVANCED_FACE('',(#200),#21,.F.);
#1486=ADVANCED_FACE('',(#201),#161,.T.);
#1487=ADVANCED_FACE('',(#202),#22,.F.);
#1488=ADVANCED_FACE('',(#203),#162,.T.);
#1489=ADVANCED_FACE('',(#204),#23,.F.);
#1490=ADVANCED_FACE('',(#205),#163,.T.);
#1491=ADVANCED_FACE('',(#206),#24,.T.);
#1492=ADVANCED_FACE('',(#207),#1436,.T.);
#1493=ADVANCED_FACE('',(#208,#32,#33),#164,.T.);
#1494=ADVANCED_FACE('',(#209),#1437,.F.);
#1495=ADVANCED_FACE('',(#210),#165,.F.);
#1496=ADVANCED_FACE('',(#211),#1438,.T.);
#1497=ADVANCED_FACE('',(#212),#25,.F.);
#1498=ADVANCED_FACE('',(#213),#166,.T.);
#1499=ADVANCED_FACE('',(#214),#26,.F.);
#1500=ADVANCED_FACE('',(#215),#27,.T.);
#1501=ADVANCED_FACE('',(#216),#167,.T.);
#1502=ADVANCED_FACE('',(#217),#28,.T.);
#1503=ADVANCED_FACE('',(#218),#29,.F.);
#1504=ADVANCED_FACE('',(#219),#168,.T.);
#1505=ADVANCED_FACE('',(#220),#30,.F.);
#1506=ADVANCED_FACE('',(#221),#1439,.F.);
#1507=ADVANCED_FACE('',(#222),#1440,.T.);
#1508=ADVANCED_FACE('',(#223),#169,.T.);
#1509=ADVANCED_FACE('',(#224),#1441,.T.);
#1510=ADVANCED_FACE('',(#225),#1442,.F.);
#1511=ADVANCED_FACE('',(#226),#170,.F.);
#1512=ADVANCED_FACE('',(#227),#1443,.F.);
#1513=ADVANCED_FACE('',(#228),#171,.F.);
#1514=ADVANCED_FACE('',(#229),#1444,.F.);
#1515=ADVANCED_FACE('',(#230),#1445,.F.);
#1516=ADVANCED_FACE('',(#231,#34,#35,#36,#37,#38),#172,.F.);
#1517=ADVANCED_FACE('',(#232,#39),#173,.T.);
#1518=ADVANCED_FACE('',(#233),#1446,.T.);
#1519=ADVANCED_FACE('',(#234),#174,.F.);
#1520=ADVANCED_FACE('',(#235),#1447,.T.);
#1521=ADVANCED_FACE('',(#236),#1448,.F.);
#1522=ADVANCED_FACE('',(#237,#40,#41),#175,.F.);
#1523=ADVANCED_FACE('',(#238),#1449,.T.);
#1524=ADVANCED_FACE('',(#239),#176,.T.);
#1525=ADVANCED_FACE('',(#240),#1450,.T.);
#1526=ADVANCED_FACE('',(#241),#1451,.F.);
#1527=ADVANCED_FACE('',(#242,#42,#43,#44,#45,#46),#177,.F.);
#1528=ADVANCED_FACE('',(#243),#178,.F.);
#1529=ADVANCED_FACE('',(#244),#1452,.T.);
#1530=ADVANCED_FACE('',(#245),#1453,.F.);
#1531=ADVANCED_FACE('',(#246),#1454,.F.);
#1532=ADVANCED_FACE('',(#247),#1455,.F.);
#1533=ADVANCED_FACE('',(#248),#1456,.F.);
#1534=ADVANCED_FACE('',(#249),#1457,.F.);
#1535=ADVANCED_FACE('',(#250),#179,.T.);
#1536=ADVANCED_FACE('',(#251),#1458,.T.);
#1537=ADVANCED_FACE('',(#252),#1459,.T.);
#1538=ADVANCED_FACE('',(#253),#1460,.F.);
#1539=ADVANCED_FACE('',(#254),#1461,.F.);
#1540=ADVANCED_FACE('',(#255),#1462,.F.);
#1541=ADVANCED_FACE('',(#256),#1463,.F.);
#1542=ADVANCED_FACE('',(#257),#1464,.F.);
#1543=ADVANCED_FACE('',(#258,#47,#48,#49,#50,#51,#52,#53,#54,#55,#56),#180,
 .T.);
#1544=ADVANCED_FACE('',(#259),#1465,.F.);
#1545=ADVANCED_FACE('',(#260),#1466,.T.);
#1546=ADVANCED_FACE('',(#261),#181,.T.);
#1547=ADVANCED_FACE('',(#262,#57,#58),#182,.F.);
#1548=ADVANCED_FACE('',(#263),#1467,.F.);
#1549=ADVANCED_FACE('',(#264),#1468,.T.);
#1550=ADVANCED_FACE('',(#265),#183,.F.);
#1551=ADVANCED_FACE('',(#266),#1469,.F.);
#1552=ADVANCED_FACE('',(#267,#59,#60),#184,.F.);
#1553=ADVANCED_FACE('',(#268,#61,#62),#185,.T.);
#1554=ADVANCED_FACE('',(#269),#1470,.F.);
#1555=CLOSED_SHELL('',(#1471,#1472,#1473,#1474,#1475,#1476,#1477,#1478,
#1479,#1480,#1481,#1482,#1483,#1484,#1485,#1486,#1487,#1488,#1489,#1490,
#1491,#1492,#1493,#1494,#1495,#1496,#1497,#1498,#1499,#1500,#1501,#1502,
#1503,#1504,#1505,#1506,#1507,#1508,#1509,#1510,#1511,#1512,#1513,#1514,
#1515,#1516,#1517,#1518,#1519,#1520,#1521,#1522,#1523,#1524,#1525,#1526,
#1527,#1528,#1529,#1530,#1531,#1532,#1533,#1534,#1535,#1536,#1537,#1538,
#1539,#1540,#1541,#1542,#1543,#1544,#1545,#1546,#1547,#1548,#1549,#1550,
#1551,#1552,#1553,#1554));
#1556=DERIVED_UNIT_ELEMENT(#1558,1.);
#1557=DERIVED_UNIT_ELEMENT(#2727,-3.);
#1558=(
MASS_UNIT()
NAMED_UNIT(*)
SI_UNIT(.KILO.,.GRAM.)
);
#1559=DERIVED_UNIT((#1556,#1557));
#1560=MEASURE_REPRESENTATION_ITEM('density measure',
POSITIVE_RATIO_MEASURE(7850.),#1559);
#1561=PROPERTY_DEFINITION_REPRESENTATION(#1566,#1563);
#1562=PROPERTY_DEFINITION_REPRESENTATION(#1567,#1564);
#1563=REPRESENTATION('material name',(#1565),#2724);
#1564=REPRESENTATION('density',(#1560),#2724);
#1565=DESCRIPTIVE_REPRESENTATION_ITEM('Steel','Steel');
#1566=PROPERTY_DEFINITION('material property','material name',#2734);
#1567=PROPERTY_DEFINITION('material property','density of part',#2734);
#1568=AXIS2_PLACEMENT_3D('',#2221,#1745,#1746);
#1569=AXIS2_PLACEMENT_3D('',#2222,#1747,#1748);
#1570=AXIS2_PLACEMENT_3D('',#2251,#1751,#1752);
#1571=AXIS2_PLACEMENT_3D('',#2253,#1753,#1754);
#1572=AXIS2_PLACEMENT_3D('',#2261,#1758,#1759);
#1573=AXIS2_PLACEMENT_3D('',#2267,#1763,#1764);
#1574=AXIS2_PLACEMENT_3D('',#2296,#1767,#1768);
#1575=AXIS2_PLACEMENT_3D('',#2302,#1771,#1772);
#1576=AXIS2_PLACEMENT_3D('',#2306,#1774,#1775);
#1577=AXIS2_PLACEMENT_3D('',#2307,#1776,#1777);
#1578=AXIS2_PLACEMENT_3D('',#2309,#1778,#1779);
#1579=AXIS2_PLACEMENT_3D('',#2310,#1780,#1781);
#1580=AXIS2_PLACEMENT_3D('',#2315,#1783,#1784);
#1581=AXIS2_PLACEMENT_3D('',#2318,#1786,#1787);
#1582=AXIS2_PLACEMENT_3D('',#2319,#1788,#1789);
#1583=AXIS2_PLACEMENT_3D('',#2325,#1793,#1794);
#1584=AXIS2_PLACEMENT_3D('',#2329,#1796,#1797);
#1585=AXIS2_PLACEMENT_3D('',#2330,#1798,#1799);
#1586=AXIS2_PLACEMENT_3D('',#2331,#1800,#1801);
#1587=AXIS2_PLACEMENT_3D('',#2337,#1805,#1806);
#1588=AXIS2_PLACEMENT_3D('',#2339,#1807,#1808);
#1589=AXIS2_PLACEMENT_3D('',#2342,#1810,#1811);
#1590=AXIS2_PLACEMENT_3D('',#2343,#1812,#1813);
#1591=AXIS2_PLACEMENT_3D('',#2349,#1817,#1818);
#1592=AXIS2_PLACEMENT_3D('',#2353,#1820,#1821);
#1593=AXIS2_PLACEMENT_3D('',#2354,#1822,#1823);
#1594=AXIS2_PLACEMENT_3D('',#2355,#1824,#1825);
#1595=AXIS2_PLACEMENT_3D('',#2357,#1826,#1827);
#1596=AXIS2_PLACEMENT_3D('',#2360,#1829,#1830);
#1597=AXIS2_PLACEMENT_3D('',#2361,#1831,#1832);
#1598=AXIS2_PLACEMENT_3D('',#2367,#1836,#1837);
#1599=AXIS2_PLACEMENT_3D('',#2371,#1839,#1840);
#1600=AXIS2_PLACEMENT_3D('',#2372,#1841,#1842);
#1601=AXIS2_PLACEMENT_3D('',#2373,#1843,#1844);
#1602=AXIS2_PLACEMENT_3D('',#2376,#1846,#1847);
#1603=AXIS2_PLACEMENT_3D('',#2377,#1848,#1849);
#1604=AXIS2_PLACEMENT_3D('',#2378,#1850,#1851);
#1605=AXIS2_PLACEMENT_3D('',#2382,#1854,#1855);
#1606=AXIS2_PLACEMENT_3D('',#2384,#1856,#1857);
#1607=AXIS2_PLACEMENT_3D('',#2386,#1859,#1860);
#1608=AXIS2_PLACEMENT_3D('',#2390,#1863,#1864);
#1609=AXIS2_PLACEMENT_3D('',#2394,#1866,#1867);
#1610=AXIS2_PLACEMENT_3D('',#2395,#1868,#1869);
#1611=AXIS2_PLACEMENT_3D('',#2396,#1870,#1871);
#1612=AXIS2_PLACEMENT_3D('',#2402,#1875,#1876);
#1613=AXIS2_PLACEMENT_3D('',#2406,#1878,#1879);
#1614=AXIS2_PLACEMENT_3D('',#2407,#1880,#1881);
#1615=AXIS2_PLACEMENT_3D('',#2408,#1882,#1883);
#1616=AXIS2_PLACEMENT_3D('',#2412,#1885,#1886);
#1617=AXIS2_PLACEMENT_3D('',#2414,#1888,#1889);
#1618=AXIS2_PLACEMENT_3D('',#2417,#1891,#1892);
#1619=AXIS2_PLACEMENT_3D('',#2419,#1893,#1894);
#1620=AXIS2_PLACEMENT_3D('',#2420,#1895,#1896);
#1621=AXIS2_PLACEMENT_3D('',#2422,#1898,#1899);
#1622=AXIS2_PLACEMENT_3D('',#2426,#1902,#1903);
#1623=AXIS2_PLACEMENT_3D('',#2429,#1905,#1906);
#1624=AXIS2_PLACEMENT_3D('',#2430,#1907,#1908);
#1625=AXIS2_PLACEMENT_3D('',#2432,#1909,#1910);
#1626=AXIS2_PLACEMENT_3D('',#2435,#1912,#1913);
#1627=AXIS2_PLACEMENT_3D('',#2436,#1914,#1915);
#1628=AXIS2_PLACEMENT_3D('',#2442,#1919,#1920);
#1629=AXIS2_PLACEMENT_3D('',#2446,#1922,#1923);
#1630=AXIS2_PLACEMENT_3D('',#2447,#1924,#1925);
#1631=AXIS2_PLACEMENT_3D('',#2448,#1926,#1927);
#1632=AXIS2_PLACEMENT_3D('',#2450,#1928,#1929);
#1633=AXIS2_PLACEMENT_3D('',#2453,#1931,#1932);
#1634=AXIS2_PLACEMENT_3D('',#2454,#1933,#1934);
#1635=AXIS2_PLACEMENT_3D('',#2460,#1938,#1939);
#1636=AXIS2_PLACEMENT_3D('',#2464,#1941,#1942);
#1637=AXIS2_PLACEMENT_3D('',#2465,#1943,#1944);
#1638=AXIS2_PLACEMENT_3D('',#2466,#1945,#1946);
#1639=AXIS2_PLACEMENT_3D('',#2467,#1947,#1948);
#1640=AXIS2_PLACEMENT_3D('',#2470,#1950,#1951);
#1641=AXIS2_PLACEMENT_3D('',#2471,#1952,#1953);
#1642=AXIS2_PLACEMENT_3D('',#2475,#1956,#1957);
#1643=AXIS2_PLACEMENT_3D('',#2478,#1959,#1960);
#1644=AXIS2_PLACEMENT_3D('',#2479,#1961,#1962);
#1645=AXIS2_PLACEMENT_3D('',#2483,#1964,#1965);
#1646=AXIS2_PLACEMENT_3D('',#2487,#1967,#1968);
#1647=AXIS2_PLACEMENT_3D('',#2489,#1970,#1971);
#1648=AXIS2_PLACEMENT_3D('',#2492,#1973,#1974);
#1649=AXIS2_PLACEMENT_3D('',#2493,#1975,#1976);
#1650=AXIS2_PLACEMENT_3D('',#2497,#1979,#1980);
#1651=AXIS2_PLACEMENT_3D('',#2500,#1982,#1983);
#1652=AXIS2_PLACEMENT_3D('',#2501,#1984,#1985);
#1653=AXIS2_PLACEMENT_3D('',#2505,#1987,#1988);
#1654=AXIS2_PLACEMENT_3D('',#2508,#1990,#1991);
#1655=AXIS2_PLACEMENT_3D('',#2510,#1993,#1994);
#1656=AXIS2_PLACEMENT_3D('',#2514,#1997,#1998);
#1657=AXIS2_PLACEMENT_3D('',#2517,#2001,#2002);
#1658=AXIS2_PLACEMENT_3D('',#2525,#2007,#2008);
#1659=AXIS2_PLACEMENT_3D('',#2538,#2010,#2011);
#1660=AXIS2_PLACEMENT_3D('',#2551,#2013,#2014);
#1661=AXIS2_PLACEMENT_3D('',#2555,#2016,#2017);
#1662=AXIS2_PLACEMENT_3D('',#2556,#2018,#2019);
#1663=AXIS2_PLACEMENT_3D('',#2558,#2020,#2021);
#1664=AXIS2_PLACEMENT_3D('',#2560,#2022,#2023);
#1665=AXIS2_PLACEMENT_3D('',#2562,#2024,#2025);
#1666=AXIS2_PLACEMENT_3D('',#2564,#2026,#2027);
#1667=AXIS2_PLACEMENT_3D('',#2566,#2028,#2029);
#1668=AXIS2_PLACEMENT_3D('',#2567,#2030,#2031);
#1669=AXIS2_PLACEMENT_3D('',#2569,#2032,#2033);
#1670=AXIS2_PLACEMENT_3D('',#2571,#2034,#2035);
#1671=AXIS2_PLACEMENT_3D('',#2574,#2037,#2038);
#1672=AXIS2_PLACEMENT_3D('',#2576,#2039,#2040);
#1673=AXIS2_PLACEMENT_3D('',#2577,#2041,#2042);
#1674=AXIS2_PLACEMENT_3D('',#2579,#2043,#2044);
#1675=AXIS2_PLACEMENT_3D('',#2581,#2046,#2047);
#1676=AXIS2_PLACEMENT_3D('',#2585,#2050,#2051);
#1677=AXIS2_PLACEMENT_3D('',#2587,#2052,#2053);
#1678=AXIS2_PLACEMENT_3D('',#2589,#2055,#2056);
#1679=AXIS2_PLACEMENT_3D('',#2592,#2058,#2059);
#1680=AXIS2_PLACEMENT_3D('',#2593,#2060,#2061);
#1681=AXIS2_PLACEMENT_3D('',#2595,#2062,#2063);
#1682=AXIS2_PLACEMENT_3D('',#2597,#2064,#2065);
#1683=AXIS2_PLACEMENT_3D('',#2600,#2067,#2068);
#1684=AXIS2_PLACEMENT_3D('',#2602,#2069,#2070);
#1685=AXIS2_PLACEMENT_3D('',#2603,#2071,#2072);
#1686=AXIS2_PLACEMENT_3D('',#2605,#2074,#2075);
#1687=AXIS2_PLACEMENT_3D('',#2607,#2077,#2078);
#1688=AXIS2_PLACEMENT_3D('',#2609,#2080,#2081);
#1689=AXIS2_PLACEMENT_3D('',#2611,#2083,#2084);
#1690=AXIS2_PLACEMENT_3D('',#2613,#2085,#2086);
#1691=AXIS2_PLACEMENT_3D('',#2615,#2087,#2088);
#1692=AXIS2_PLACEMENT_3D('',#2618,#2090,#2091);
#1693=AXIS2_PLACEMENT_3D('',#2620,#2092,#2093);
#1694=AXIS2_PLACEMENT_3D('',#2622,#2094,#2095);
#1695=AXIS2_PLACEMENT_3D('',#2624,#2096,#2097);
#1696=AXIS2_PLACEMENT_3D('',#2626,#2098,#2099);
#1697=AXIS2_PLACEMENT_3D('',#2627,#2100,#2101);
#1698=AXIS2_PLACEMENT_3D('',#2631,#2104,#2105);
#1699=AXIS2_PLACEMENT_3D('',#2633,#2106,#2107);
#1700=AXIS2_PLACEMENT_3D('',#2635,#2109,#2110);
#1701=AXIS2_PLACEMENT_3D('',#2637,#2111,#2112);
#1702=AXIS2_PLACEMENT_3D('',#2639,#2114,#2115);
#1703=AXIS2_PLACEMENT_3D('',#2641,#2116,#2117);
#1704=AXIS2_PLACEMENT_3D('',#2643,#2119,#2120);
#1705=AXIS2_PLACEMENT_3D('',#2645,#2121,#2122);
#1706=AXIS2_PLACEMENT_3D('',#2647,#2124,#2125);
#1707=AXIS2_PLACEMENT_3D('',#2649,#2126,#2127);
#1708=AXIS2_PLACEMENT_3D('',#2651,#2129,#2130);
#1709=AXIS2_PLACEMENT_3D('',#2653,#2131,#2132);
#1710=AXIS2_PLACEMENT_3D('',#2655,#2134,#2135);
#1711=AXIS2_PLACEMENT_3D('',#2659,#2138,#2139);
#1712=AXIS2_PLACEMENT_3D('',#2662,#2141,#2142);
#1713=AXIS2_PLACEMENT_3D('',#2663,#2143,#2144);
#1714=AXIS2_PLACEMENT_3D('',#2664,#2145,#2146);
#1715=AXIS2_PLACEMENT_3D('',#2665,#2147,#2148);
#1716=AXIS2_PLACEMENT_3D('',#2667,#2149,#2150);
#1717=AXIS2_PLACEMENT_3D('',#2669,#2152,#2153);
#1718=AXIS2_PLACEMENT_3D('',#2671,#2154,#2155);
#1719=AXIS2_PLACEMENT_3D('',#2673,#2157,#2158);
#1720=AXIS2_PLACEMENT_3D('',#2675,#2159,#2160);
#1721=AXIS2_PLACEMENT_3D('',#2677,#2162,#2163);
#1722=AXIS2_PLACEMENT_3D('',#2679,#2164,#2165);
#1723=AXIS2_PLACEMENT_3D('',#2681,#2167,#2168);
#1724=AXIS2_PLACEMENT_3D('',#2683,#2169,#2170);
#1725=AXIS2_PLACEMENT_3D('',#2685,#2172,#2173);
#1726=AXIS2_PLACEMENT_3D('',#2686,#2174,#2175);
#1727=AXIS2_PLACEMENT_3D('',#2689,#2177,#2178);
#1728=AXIS2_PLACEMENT_3D('',#2690,#2179,#2180);
#1729=AXIS2_PLACEMENT_3D('',#2692,#2181,#2182);
#1730=AXIS2_PLACEMENT_3D('',#2694,#2184,#2185);
#1731=AXIS2_PLACEMENT_3D('',#2698,#2188,#2189);
#1732=AXIS2_PLACEMENT_3D('',#2700,#2191,#2192);
#1733=AXIS2_PLACEMENT_3D('',#2702,#2193,#2194);
#1734=AXIS2_PLACEMENT_3D('',#2703,#2195,#2196);
#1735=AXIS2_PLACEMENT_3D('',#2705,#2198,#2199);
#1736=AXIS2_PLACEMENT_3D('',#2706,#2200,#2201);
#1737=AXIS2_PLACEMENT_3D('',#2708,#2203,#2204);
#1738=AXIS2_PLACEMENT_3D('',#2710,#2205,#2206);
#1739=AXIS2_PLACEMENT_3D('',#2713,#2208,#2209);
#1740=AXIS2_PLACEMENT_3D('',#2714,#2210,#2211);
#1741=AXIS2_PLACEMENT_3D('',#2716,#2212,#2213);
#1742=AXIS2_PLACEMENT_3D('',#2717,#2214,#2215);
#1743=AXIS2_PLACEMENT_3D('',#2719,#2216,#2217);
#1744=AXIS2_PLACEMENT_3D('',#2720,#2218,#2219);
#1745=DIRECTION('axis',(0.,0.,1.));
#1746=DIRECTION('refdir',(1.,0.,0.));
#1747=DIRECTION('center_axis',(3.88267476788466E-31,-4.44089209850063E-16,
-1.));
#1748=DIRECTION('ref_axis',(-0.707106781186548,0.707106781186547,-3.14018491736755E-16));
#1749=DIRECTION('',(-3.88267476788466E-31,4.44089209850063E-16,1.));
#1750=DIRECTION('',(3.88267476788466E-31,-4.44089209850063E-16,-1.));
#1751=DIRECTION('center_axis',(-6.52256026967278E-16,-1.,4.44089209850063E-16));
#1752=DIRECTION('ref_axis',(1.,-6.52256026967278E-16,9.57266105092718E-32));
#1753=DIRECTION('center_axis',(-6.52256026967278E-16,-1.,4.44089209850063E-16));
#1754=DIRECTION('ref_axis',(0.707106781186548,-1.47196168001603E-16,0.707106781186548));
#1755=DIRECTION('',(-6.52256026967278E-16,4.44089209850063E-16,1.));
#1756=DIRECTION('',(-1.,8.07434927000114E-16,7.00229678456213E-16));
#1757=DIRECTION('',(6.52256026967278E-16,-4.44089209850063E-16,-1.));
#1758=DIRECTION('center_axis',(-6.52256026967278E-16,-1.,4.44089209850063E-16));
#1759=DIRECTION('ref_axis',(-0.707106781186548,7.75233151475113E-16,0.707106781186547));
#1760=DIRECTION('',(-1.,6.52256026967278E-16,1.93933253126568E-31));
#1761=DIRECTION('',(3.88267476788466E-31,-4.44089209850063E-16,-1.));
#1762=DIRECTION('',(-1.,-6.83214169000096E-16,0.));
#1763=DIRECTION('center_axis',(9.86076131526266E-32,-9.72346137165803E-63,
-1.));
#1764=DIRECTION('ref_axis',(-0.707106781186547,-0.707106781186548,0.));
#1765=DIRECTION('',(-9.86076131526266E-32,9.72346137165803E-63,1.));
#1766=DIRECTION('',(9.86076131526266E-32,-9.72346137165803E-63,-1.));
#1767=DIRECTION('center_axis',(1.,6.52256026967278E-16,9.86076131526266E-32));
#1768=DIRECTION('ref_axis',(9.86076131526266E-32,6.39054163418223E-48,-1.));
#1769=DIRECTION('',(4.71027737605141E-16,-0.707106781186535,-0.70710678118656));
#1770=DIRECTION('',(6.52256026967278E-16,1.,7.07079516178408E-47));
#1771=DIRECTION('center_axis',(1.,6.52256026967278E-16,9.86076131526266E-32));
#1772=DIRECTION('ref_axis',(9.86076131526265E-32,6.39054163418223E-48,-1.));
#1773=DIRECTION('',(9.86076131526265E-32,6.39054163418221E-48,-1.));
#1774=DIRECTION('center_axis',(1.,6.52256026967278E-16,9.86076131526265E-32));
#1775=DIRECTION('ref_axis',(9.86076131526265E-32,6.39054163418222E-48,-1.));
#1776=DIRECTION('center_axis',(1.,6.52256026967278E-16,9.86076131526265E-32));
#1777=DIRECTION('ref_axis',(-5.26821835889682E-16,0.807691786826696,0.589604933402613));
#1778=DIRECTION('center_axis',(1.,6.52256026967278E-16,9.86076131526266E-32));
#1779=DIRECTION('ref_axis',(0.,6.39054163418221E-48,-1.));
#1780=DIRECTION('center_axis',(1.,6.59194920871183E-16,0.));
#1781=DIRECTION('ref_axis',(4.68386162474976E-32,3.69413113764201E-47,-1.));
#1782=DIRECTION('',(-0.707052497181547,1.99312841911438E-17,0.70716106102453));
#1783=DIRECTION('center_axis',(-1.,-6.52256026967278E-16,-9.86076131526266E-32));
#1784=DIRECTION('ref_axis',(0.,6.39054163418223E-48,-1.));
#1785=DIRECTION('',(-0.707106781186547,-4.66121198671743E-16,0.707106781186548));
#1786=DIRECTION('center_axis',(1.,6.52256026967278E-16,9.86076131526266E-32));
#1787=DIRECTION('ref_axis',(9.86076131526266E-32,7.07079516178408E-47,-1.));
#1788=DIRECTION('center_axis',(-0.707106781186548,-4.61214659738358E-16,
-0.707106781186548));
#1789=DIRECTION('ref_axis',(-0.707106781186548,0.,0.707106781186548));
#1790=DIRECTION('',(6.52256026967278E-16,-1.,6.43174099836586E-47));
#1791=DIRECTION('',(-0.707106781186548,0.,0.707106781186548));
#1792=DIRECTION('',(-6.52256026967278E-16,1.,-6.43174099836586E-47));
#1793=DIRECTION('center_axis',(0.,0.,-1.));
#1794=DIRECTION('ref_axis',(0.707106781186548,-0.707106781186547,-7.28511191411618E-32));
#1795=DIRECTION('',(-6.28036983473511E-15,0.707106781186546,0.707106781186549));
#1796=DIRECTION('center_axis',(1.93933253126568E-31,1.90811543164833E-46,
1.));
#1797=DIRECTION('ref_axis',(0.707106781186548,-0.707106781186547,0.));
#1798=DIRECTION('center_axis',(-1.93933253126568E-31,-1.90811543164833E-46,
-1.));
#1799=DIRECTION('ref_axis',(0.707106781186548,-0.707106781186547,-1.37131518383363E-31));
#1800=DIRECTION('center_axis',(-4.61214659738358E-16,0.707106781186548,
-0.707106781186548));
#1801=DIRECTION('ref_axis',(-1.,0.,6.52256026967279E-16));
#1802=DIRECTION('',(0.,0.707106781186547,0.707106781186547));
#1803=DIRECTION('',(1.,6.52256026967278E-16,-1.93933253126568E-31));
#1804=DIRECTION('',(-1.,-6.52256026967278E-16,1.93933253126568E-31));
#1805=DIRECTION('center_axis',(0.,1.,0.));
#1806=DIRECTION('ref_axis',(-0.707106781186548,-2.53668062856097E-16,0.707106781186547));
#1807=DIRECTION('center_axis',(6.52256026967278E-16,-1.,6.43174099836586E-47));
#1808=DIRECTION('ref_axis',(-0.707106781186548,0.,0.707106781186547));
#1809=DIRECTION('',(-0.707106781186543,0.707106781186552,-1.57009245868377E-15));
#1810=DIRECTION('center_axis',(-6.52256026967278E-16,1.,-6.43174099836586E-47));
#1811=DIRECTION('ref_axis',(-0.707106781186548,-4.61214659738359E-16,0.707106781186547));
#1812=DIRECTION('center_axis',(0.707106781186568,0.707106781186527,4.61214659738372E-16));
#1813=DIRECTION('ref_axis',(6.52256026967279E-16,0.,-1.));
#1814=DIRECTION('',(-0.707106781186529,0.707106781186566,0.));
#1815=DIRECTION('',(-6.52256026967278E-16,-4.25437924715139E-31,1.));
#1816=DIRECTION('',(6.52256026967278E-16,4.25437924715139E-31,-1.));
#1817=DIRECTION('center_axis',(1.,0.,0.));
#1818=DIRECTION('ref_axis',(3.86164530304402E-16,-1.,-2.74776155227674E-31));
#1819=DIRECTION('',(-0.707106781186565,0.463276856639457,0.534204599476866));
#1820=DIRECTION('center_axis',(-1.,-4.62223186652934E-32,-6.52256026967278E-16));
#1821=DIRECTION('ref_axis',(8.07434927000114E-16,-1.,0.));
#1822=DIRECTION('center_axis',(1.,4.62223186652934E-32,6.52256026967278E-16));
#1823=DIRECTION('ref_axis',(0.,-1.,-5.26654297519709E-31));
#1824=DIRECTION('center_axis',(-1.,0.,0.));
#1825=DIRECTION('ref_axis',(4.1086505480261E-32,1.,-2.22044604925031E-16));
#1826=DIRECTION('center_axis',(-1.,-4.62223186652934E-32,-6.52256026967278E-16));
#1827=DIRECTION('ref_axis',(9.86076131526266E-32,1.,-2.22044604925031E-16));
#1828=DIRECTION('',(-0.707106781186549,0.,-0.707106781186546));
#1829=DIRECTION('center_axis',(1.,4.62223186652934E-32,6.52256026967278E-16));
#1830=DIRECTION('ref_axis',(0.,1.,-2.22044604925031E-16));
#1831=DIRECTION('center_axis',(0.707106781186541,-1.57009245868379E-16,
-0.707106781186554));
#1832=DIRECTION('ref_axis',(-0.707106781186554,0.,-0.707106781186541));
#1833=DIRECTION('',(-0.707106781186554,0.,-0.707106781186541));
#1834=DIRECTION('',(9.86076131526266E-32,1.,-2.22044604925031E-16));
#1835=DIRECTION('',(-9.86076131526266E-32,-1.,2.22044604925031E-16));
#1836=DIRECTION('center_axis',(-1.,0.,0.));
#1837=DIRECTION('ref_axis',(-4.1086505480261E-32,-1.,2.22044604925031E-16));
#1838=DIRECTION('',(-0.707106781186547,-0.463276856639465,0.534204599476883));
#1839=DIRECTION('center_axis',(1.,4.62223186652934E-32,6.52256026967278E-16));
#1840=DIRECTION('ref_axis',(0.,-1.,2.22044604925031E-16));
#1841=DIRECTION('center_axis',(-1.,-4.62223186652934E-32,-6.52256026967278E-16));
#1842=DIRECTION('ref_axis',(-9.86076131526266E-32,-1.,2.22044604925031E-16));
#1843=DIRECTION('center_axis',(1.,0.,0.));
#1844=DIRECTION('ref_axis',(3.86164530304403E-16,1.,-4.03717463500057E-16));
#1845=DIRECTION('',(-0.707106781186548,-0.707106781186548,-3.1401849173676E-15));
#1846=DIRECTION('center_axis',(-1.,-4.62223186652934E-32,-6.52256026967278E-16));
#1847=DIRECTION('ref_axis',(8.07434927000114E-16,1.,-4.03717463500057E-16));
#1848=DIRECTION('center_axis',(1.,4.62223186652934E-32,6.52256026967278E-16));
#1849=DIRECTION('ref_axis',(3.28692043842088E-31,1.,-4.03717463500058E-16));
#1850=DIRECTION('center_axis',(0.707106781186566,-0.707106781186529,7.75233151475118E-16));
#1851=DIRECTION('ref_axis',(1.09634523681732E-15,0.,-1.));
#1852=DIRECTION('',(-6.52256026967278E-16,4.44089209850063E-16,1.));
#1853=DIRECTION('',(-0.707106781186529,-0.707106781186566,0.));
#1854=DIRECTION('center_axis',(0.,-1.,0.));
#1855=DIRECTION('ref_axis',(-0.707106781186548,4.26378233311312E-16,0.707106781186547));
#1856=DIRECTION('center_axis',(6.52256026967278E-16,1.,-4.44089209850063E-16));
#1857=DIRECTION('ref_axis',(-0.707106781186548,0.,0.707106781186547));
#1858=DIRECTION('',(0.,-0.707106781186555,0.70710678118654));
#1859=DIRECTION('center_axis',(-4.61214659738357E-16,-0.707106781186546,
-0.707106781186549));
#1860=DIRECTION('ref_axis',(-1.,0.,6.52256026967275E-16));
#1861=DIRECTION('',(1.,-6.52256026967278E-16,-1.93933253126568E-31));
#1862=DIRECTION('',(0.,-0.707106781186549,0.707106781186546));
#1863=DIRECTION('center_axis',(0.,0.,-1.));
#1864=DIRECTION('ref_axis',(0.707106781186548,0.707106781186547,-1.96261557335472E-16));
#1865=DIRECTION('',(-0.707106781186547,0.,0.707106781186548));
#1866=DIRECTION('center_axis',(1.93933253126568E-31,1.90811543164833E-46,
1.));
#1867=DIRECTION('ref_axis',(0.707106781186548,0.707106781186547,-4.18691322315673E-16));
#1868=DIRECTION('center_axis',(-1.93933253126568E-31,-1.90811543164833E-46,
-1.));
#1869=DIRECTION('ref_axis',(0.707106781186548,0.707106781186547,-1.16008956650149E-31));
#1870=DIRECTION('center_axis',(-0.707106781186548,-4.61214659738358E-16,
-0.707106781186548));
#1871=DIRECTION('ref_axis',(-0.707106781186548,0.,0.707106781186548));
#1872=DIRECTION('',(6.52256026967278E-16,-1.,6.43174099836586E-47));
#1873=DIRECTION('',(-0.707106781186547,0.,0.707106781186548));
#1874=DIRECTION('',(-6.52256026967278E-16,1.,-6.43174099836586E-47));
#1875=DIRECTION('center_axis',(1.,0.,0.));
#1876=DIRECTION('ref_axis',(4.68386162474976E-32,3.694131137642E-47,-1.));
#1877=DIRECTION('',(0.707052497181522,0.,-0.707161061024555));
#1878=DIRECTION('center_axis',(1.,6.52256026967278E-16,9.86076131526266E-32));
#1879=DIRECTION('ref_axis',(9.86076131526266E-32,7.07079516178408E-47,-1.));
#1880=DIRECTION('center_axis',(-1.,-6.52256026967278E-16,-9.86076131526266E-32));
#1881=DIRECTION('ref_axis',(0.,6.3905416341822E-48,-1.));
#1882=DIRECTION('center_axis',(-1.,0.,0.));
#1883=DIRECTION('ref_axis',(0.,6.3905416341822E-48,-1.));
#1884=DIRECTION('',(1.,0.,0.));
#1885=DIRECTION('center_axis',(-1.,6.52256026967278E-16,-9.86076131526266E-32));
#1886=DIRECTION('ref_axis',(9.86076131526265E-32,6.3905416341822E-48,-1.));
#1887=DIRECTION('',(1.,0.,0.));
#1888=DIRECTION('center_axis',(1.,4.62223186652934E-32,6.52256026967278E-16));
#1889=DIRECTION('ref_axis',(9.86076131526266E-32,1.,-2.22044604925031E-16));
#1890=DIRECTION('',(-4.62223186652934E-32,1.,-1.90811543164833E-46));
#1891=DIRECTION('center_axis',(-1.,-4.62223186652934E-32,-6.52256026967278E-16));
#1892=DIRECTION('ref_axis',(9.86076131526265E-32,1.,-2.22044604925031E-16));
#1893=DIRECTION('center_axis',(1.,2.43437544970546E-31,6.52256026967278E-16));
#1894=DIRECTION('ref_axis',(9.86076131526265E-32,-1.,2.22044604925031E-16));
#1895=DIRECTION('center_axis',(-4.62223186652934E-32,1.,-1.90811543164833E-46));
#1896=DIRECTION('ref_axis',(-0.707106781186548,0.,0.707106781186547));
#1897=DIRECTION('',(4.62223186652934E-32,-1.,1.90811543164833E-46));
#1898=DIRECTION('center_axis',(1.93933253126568E-31,1.90811543164833E-46,
1.));
#1899=DIRECTION('ref_axis',(1.,6.52256026967278E-16,-1.93933253126568E-31));
#1900=DIRECTION('',(1.,0.,0.));
#1901=DIRECTION('',(6.52256026967278E-16,1.,7.07079516178408E-47));
#1902=DIRECTION('center_axis',(1.,0.,0.));
#1903=DIRECTION('ref_axis',(0.,6.39054163418223E-48,-1.));
#1904=DIRECTION('',(1.,0.,0.));
#1905=DIRECTION('center_axis',(1.,6.52256026967278E-16,9.86076131526266E-32));
#1906=DIRECTION('ref_axis',(9.86076131526265E-32,6.39054163418223E-48,-1.));
#1907=DIRECTION('center_axis',(-5.55111512312597E-16,1.,0.));
#1908=DIRECTION('ref_axis',(0.707106781186547,2.53668062856097E-16,0.707106781186547));
#1909=DIRECTION('center_axis',(-6.52256026967278E-16,1.,-6.43174099836586E-47));
#1910=DIRECTION('ref_axis',(0.707106781186548,4.61214659738358E-16,0.707106781186548));
#1911=DIRECTION('',(-0.707106781186561,-0.707106781186534,0.));
#1912=DIRECTION('center_axis',(6.52256026967278E-16,-1.,6.43174099836586E-47));
#1913=DIRECTION('ref_axis',(0.707106781186548,0.,0.707106781186548));
#1914=DIRECTION('center_axis',(-0.707106781186556,0.707106781186539,-4.61214659738363E-16));
#1915=DIRECTION('ref_axis',(-6.52256026967278E-16,0.,1.));
#1916=DIRECTION('',(-0.70710678118654,-0.707106781186555,0.));
#1917=DIRECTION('',(-6.52256026967278E-16,-4.25437924715139E-31,1.));
#1918=DIRECTION('',(6.52256026967278E-16,4.25437924715139E-31,-1.));
#1919=DIRECTION('center_axis',(-1.,0.,0.));
#1920=DIRECTION('ref_axis',(3.86164530304402E-16,-1.,-2.74776155227674E-31));
#1921=DIRECTION('',(-0.707106781186531,-0.463276856639475,-0.534204599476896));
#1922=DIRECTION('center_axis',(-1.,-4.62223186652934E-32,-6.52256026967278E-16));
#1923=DIRECTION('ref_axis',(0.,-1.,-5.26654297519709E-31));
#1924=DIRECTION('center_axis',(1.,4.62223186652934E-32,6.52256026967278E-16));
#1925=DIRECTION('ref_axis',(8.07434927000114E-16,-1.,0.));
#1926=DIRECTION('center_axis',(1.,0.,0.));
#1927=DIRECTION('ref_axis',(4.1086505480261E-32,1.,-2.22044604925031E-16));
#1928=DIRECTION('center_axis',(-1.,-4.62223186652934E-32,-6.52256026967278E-16));
#1929=DIRECTION('ref_axis',(0.,1.,-2.22044604925031E-16));
#1930=DIRECTION('',(-0.707106781186542,0.,0.707106781186553));
#1931=DIRECTION('center_axis',(1.,4.62223186652934E-32,6.52256026967278E-16));
#1932=DIRECTION('ref_axis',(9.86076131526266E-32,1.,-2.22044604925031E-16));
#1933=DIRECTION('center_axis',(-0.707106781186544,-1.57009245868378E-16,
-0.707106781186551));
#1934=DIRECTION('ref_axis',(-0.707106781186551,0.,0.707106781186544));
#1935=DIRECTION('',(-0.707106781186551,0.,0.707106781186544));
#1936=DIRECTION('',(9.86076131526266E-32,1.,-2.22044604925031E-16));
#1937=DIRECTION('',(-9.86076131526266E-32,-1.,2.22044604925031E-16));
#1938=DIRECTION('center_axis',(1.,0.,0.));
#1939=DIRECTION('ref_axis',(-4.1086505480261E-32,-1.,2.22044604925031E-16));
#1940=DIRECTION('',(-0.707106781186539,0.46327685663947,-0.534204599476889));
#1941=DIRECTION('center_axis',(1.,4.62223186652934E-32,6.52256026967278E-16));
#1942=DIRECTION('ref_axis',(-9.86076131526266E-32,-1.,2.22044604925031E-16));
#1943=DIRECTION('center_axis',(-1.,-4.62223186652934E-32,-6.52256026967278E-16));
#1944=DIRECTION('ref_axis',(0.,-1.,2.22044604925031E-16));
#1945=DIRECTION('center_axis',(-1.,0.,0.));
#1946=DIRECTION('ref_axis',(3.86164530304403E-16,1.,-4.03717463500057E-16));
#1947=DIRECTION('center_axis',(1.,4.62223186652934E-32,6.52256026967278E-16));
#1948=DIRECTION('ref_axis',(8.07434927000114E-16,1.,-4.03717463500057E-16));
#1949=DIRECTION('',(-0.707106781186564,0.707106781186531,3.14018491736756E-15));
#1950=DIRECTION('center_axis',(-1.,-4.62223186652934E-32,-6.52256026967278E-16));
#1951=DIRECTION('ref_axis',(3.28692043842088E-31,1.,-4.03717463500058E-16));
#1952=DIRECTION('center_axis',(-0.70710678118656,-0.707106781186535,-1.47196168001616E-16));
#1953=DIRECTION('ref_axis',(-2.08166817117231E-16,0.,1.));
#1954=DIRECTION('',(-0.707106781186535,0.70710678118656,0.));
#1955=DIRECTION('',(6.52256026967278E-16,-4.44089209850063E-16,-1.));
#1956=DIRECTION('center_axis',(-5.55111512312588E-16,-1.,0.));
#1957=DIRECTION('ref_axis',(0.707106781186548,-8.09578924008817E-17,0.707106781186548));
#1958=DIRECTION('',(-4.71027737605136E-16,0.707106781186542,-0.707106781186553));
#1959=DIRECTION('center_axis',(6.52256026967278E-16,1.,-4.44089209850063E-16));
#1960=DIRECTION('ref_axis',(0.707106781186548,0.,0.707106781186548));
#1961=DIRECTION('center_axis',(-1.,8.07434927000114E-16,7.00229678456213E-16));
#1962=DIRECTION('ref_axis',(-8.07434927000114E-16,-1.,4.03717463500057E-16));
#1963=DIRECTION('',(1.,-8.07434927000114E-16,-7.00229678456213E-16));
#1964=DIRECTION('center_axis',(1.,4.62223186652934E-32,6.52256026967278E-16));
#1965=DIRECTION('ref_axis',(-8.07434927000114E-16,-1.,4.03717463500057E-16));
#1966=DIRECTION('',(-1.,8.07434927000115E-16,7.00229678456213E-16));
#1967=DIRECTION('center_axis',(-1.,-4.62223186652934E-32,-6.52256026967278E-16));
#1968=DIRECTION('ref_axis',(-8.07434927000114E-16,-1.,4.03717463500057E-16));
#1969=DIRECTION('',(1.,-8.07434927000114E-16,-7.00229678456213E-16));
#1970=DIRECTION('center_axis',(-1.,0.,0.));
#1971=DIRECTION('ref_axis',(0.,-1.,2.22044604925031E-16));
#1972=DIRECTION('',(1.,0.,0.));
#1973=DIRECTION('center_axis',(-1.,-2.43437544970546E-31,-6.52256026967278E-16));
#1974=DIRECTION('ref_axis',(9.86076131526265E-32,-1.,2.22044604925031E-16));
#1975=DIRECTION('center_axis',(0.,-2.22044604925031E-16,-1.));
#1976=DIRECTION('ref_axis',(9.86076131526265E-32,1.,-2.22044604925031E-16));
#1977=DIRECTION('',(1.,0.,0.));
#1978=DIRECTION('',(9.86076131526265E-32,-1.,2.22044604925031E-16));
#1979=DIRECTION('center_axis',(1.,0.,0.));
#1980=DIRECTION('ref_axis',(0.,1.,-2.22044604925031E-16));
#1981=DIRECTION('',(-1.,-8.07434927000114E-16,7.00229678456213E-16));
#1982=DIRECTION('center_axis',(1.,4.62223186652934E-32,6.52256026967278E-16));
#1983=DIRECTION('ref_axis',(9.86076131526265E-32,1.,-2.22044604925031E-16));
#1984=DIRECTION('center_axis',(1.,8.07434927000114E-16,-7.00229678456213E-16));
#1985=DIRECTION('ref_axis',(-8.07434927000114E-16,1.,0.));
#1986=DIRECTION('',(-1.,-8.07434927000114E-16,7.00229678456213E-16));
#1987=DIRECTION('center_axis',(-1.,-4.62223186652934E-32,-6.52256026967278E-16));
#1988=DIRECTION('ref_axis',(-8.07434927000114E-16,1.,0.));
#1989=DIRECTION('',(1.,8.07434927000114E-16,-7.00229678456213E-16));
#1990=DIRECTION('center_axis',(1.,4.62223186652934E-32,6.52256026967278E-16));
#1991=DIRECTION('ref_axis',(-8.07434927000114E-16,1.,0.));
#1992=DIRECTION('',(1.,8.07434927000114E-16,-7.00229678456213E-16));
#1993=DIRECTION('center_axis',(6.52256026967278E-16,-1.,6.43174099836586E-47));
#1994=DIRECTION('ref_axis',(1.,6.52256026967278E-16,-1.93933253126568E-31));
#1995=DIRECTION('',(1.,6.83214169000096E-16,0.));
#1996=DIRECTION('',(-9.86076131526266E-32,9.72346137165803E-63,1.));
#1997=DIRECTION('center_axis',(-4.62223186652934E-32,1.,-1.90811543164833E-46));
#1998=DIRECTION('ref_axis',(0.707106781186548,0.,0.707106781186548));
#1999=DIRECTION('',(-4.62223186652934E-32,1.,-1.90811543164833E-46));
#2000=DIRECTION('',(4.62223186652934E-32,-1.,1.90811543164833E-46));
#2001=DIRECTION('center_axis',(1.93933253126568E-31,1.90811543164833E-46,
1.));
#2002=DIRECTION('ref_axis',(1.,6.52256026967278E-16,-1.93933253126568E-31));
#2003=DIRECTION('',(-4.62223186652934E-32,1.,-1.90811543164833E-46));
#2004=DIRECTION('',(1.,0.,0.));
#2005=DIRECTION('',(-6.52256026967278E-16,1.,-5.79268683494763E-47));
#2006=DIRECTION('',(1.,0.,0.));
#2007=DIRECTION('center_axis',(-9.86076131526266E-32,9.72346137165803E-63,
1.));
#2008=DIRECTION('ref_axis',(0.707106781186548,-0.707106781186547,0.));
#2009=DIRECTION('',(9.86076131526266E-32,-9.72346137165803E-63,-1.));
#2010=DIRECTION('center_axis',(-3.88267476788466E-31,4.44089209850063E-16,
1.));
#2011=DIRECTION('ref_axis',(0.707106781186548,0.707106781186547,-4.18691322315673E-16));
#2012=DIRECTION('',(-3.88267476788466E-31,4.44089209850063E-16,1.));
#2013=DIRECTION('center_axis',(1.,6.52256026967278E-16,9.86076131526266E-32));
#2014=DIRECTION('ref_axis',(9.86076131526266E-32,6.39054163418223E-48,-1.));
#2015=DIRECTION('',(9.86076131526265E-32,6.39054163418221E-48,-1.));
#2016=DIRECTION('center_axis',(-1.,6.52256026967278E-16,-9.86076131526265E-32));
#2017=DIRECTION('ref_axis',(9.86076131526265E-32,6.39054163418222E-48,-1.));
#2018=DIRECTION('center_axis',(1.,6.52256026967278E-16,9.86076131526265E-32));
#2019=DIRECTION('ref_axis',(-5.26821835889682E-16,0.807691786826696,0.589604933402613));
#2020=DIRECTION('center_axis',(1.,-6.52256026967278E-16,9.86076131526265E-32));
#2021=DIRECTION('ref_axis',(9.86076131526265E-32,6.39054163418221E-48,-1.));
#2022=DIRECTION('center_axis',(-1.,6.52256026967278E-16,-9.86076131526266E-32));
#2023=DIRECTION('ref_axis',(0.,6.39054163418221E-48,-1.));
#2024=DIRECTION('center_axis',(1.,-6.52256026967278E-16,9.86076131526265E-32));
#2025=DIRECTION('ref_axis',(9.86076131526266E-32,6.39054163418221E-48,-1.));
#2026=DIRECTION('center_axis',(1.,-6.52256026967278E-16,9.86076131526265E-32));
#2027=DIRECTION('ref_axis',(9.86076131526266E-32,6.39054163418222E-48,-1.));
#2028=DIRECTION('center_axis',(1.,-6.52256026967278E-16,9.86076131526265E-32));
#2029=DIRECTION('ref_axis',(9.86076131526265E-32,6.39054163418221E-48,-1.));
#2030=DIRECTION('center_axis',(1.,6.52256026967278E-16,9.86076131526266E-32));
#2031=DIRECTION('ref_axis',(9.86076131526266E-32,6.39054163418223E-48,-1.));
#2032=DIRECTION('center_axis',(1.,6.52256026967278E-16,9.86076131526265E-32));
#2033=DIRECTION('ref_axis',(-5.26821835889682E-16,0.807691786826696,0.589604933402613));
#2034=DIRECTION('center_axis',(-1.,6.52256026967278E-16,-9.86076131526265E-32));
#2035=DIRECTION('ref_axis',(9.86076131526265E-32,6.39054163418222E-48,-1.));
#2036=DIRECTION('',(9.86076131526265E-32,6.39054163418221E-48,-1.));
#2037=DIRECTION('center_axis',(-1.,6.52256026967278E-16,-9.86076131526266E-32));
#2038=DIRECTION('ref_axis',(9.86076131526265E-32,6.3905416341822E-48,-1.));
#2039=DIRECTION('center_axis',(1.,6.52256026967278E-16,9.86076131526266E-32));
#2040=DIRECTION('ref_axis',(0.,6.39054163418221E-48,-1.));
#2041=DIRECTION('center_axis',(-1.,0.,0.));
#2042=DIRECTION('ref_axis',(0.,6.3905416341822E-48,-1.));
#2043=DIRECTION('center_axis',(-1.,6.52256026967278E-16,-9.86076131526266E-32));
#2044=DIRECTION('ref_axis',(9.86076131526265E-32,6.3905416341822E-48,-1.));
#2045=DIRECTION('',(1.,0.,0.));
#2046=DIRECTION('center_axis',(0.,-1.,-6.39054163418221E-48));
#2047=DIRECTION('ref_axis',(9.86076131526265E-32,6.39054163418221E-48,-1.));
#2048=DIRECTION('',(9.86076131526265E-32,6.39054163418221E-48,-1.));
#2049=DIRECTION('',(1.,0.,0.));
#2050=DIRECTION('center_axis',(-1.,0.,0.));
#2051=DIRECTION('ref_axis',(0.,6.39054163418222E-48,-1.));
#2052=DIRECTION('center_axis',(-1.,6.52256026967278E-16,-9.86076131526265E-32));
#2053=DIRECTION('ref_axis',(9.86076131526265E-32,6.39054163418222E-48,-1.));
#2054=DIRECTION('',(1.,0.,0.));
#2055=DIRECTION('center_axis',(-1.,0.,0.));
#2056=DIRECTION('ref_axis',(0.,6.39054163418221E-48,-1.));
#2057=DIRECTION('',(-1.,0.,0.));
#2058=DIRECTION('center_axis',(1.,6.52256026967278E-16,9.86076131526266E-32));
#2059=DIRECTION('ref_axis',(0.,6.39054163418221E-48,-1.));
#2060=DIRECTION('center_axis',(1.,6.52256026967278E-16,9.86076131526266E-32));
#2061=DIRECTION('ref_axis',(9.86076131526266E-32,6.39054163418223E-48,-1.));
#2062=DIRECTION('center_axis',(1.,6.52256026967278E-16,9.86076131526265E-32));
#2063=DIRECTION('ref_axis',(-5.26821835889682E-16,0.807691786826696,0.589604933402613));
#2064=DIRECTION('center_axis',(1.,6.52256026967278E-16,9.86076131526265E-32));
#2065=DIRECTION('ref_axis',(9.86076131526265E-32,6.39054163418222E-48,-1.));
#2066=DIRECTION('',(9.86076131526265E-32,6.39054163418221E-48,-1.));
#2067=DIRECTION('center_axis',(1.,6.52256026967278E-16,9.86076131526266E-32));
#2068=DIRECTION('ref_axis',(9.86076131526265E-32,6.39054163418223E-48,-1.));
#2069=DIRECTION('center_axis',(1.,6.52256026967278E-16,9.86076131526266E-32));
#2070=DIRECTION('ref_axis',(0.,6.39054163418221E-48,-1.));
#2071=DIRECTION('center_axis',(1.,0.,0.));
#2072=DIRECTION('ref_axis',(0.,6.39054163418223E-48,-1.));
#2073=DIRECTION('',(1.,0.,0.));
#2074=DIRECTION('center_axis',(0.,-1.,-6.39054163418221E-48));
#2075=DIRECTION('ref_axis',(9.86076131526265E-32,6.39054163418221E-48,-1.));
#2076=DIRECTION('',(1.,0.,0.));
#2077=DIRECTION('center_axis',(1.,0.,0.));
#2078=DIRECTION('ref_axis',(0.,6.39054163418222E-48,-1.));
#2079=DIRECTION('',(1.,0.,0.));
#2080=DIRECTION('center_axis',(1.,0.,0.));
#2081=DIRECTION('ref_axis',(0.,6.39054163418221E-48,-1.));
#2082=DIRECTION('',(-1.,0.,0.));
#2083=DIRECTION('center_axis',(1.,6.52256026967278E-16,9.86076131526266E-32));
#2084=DIRECTION('ref_axis',(9.86076131526266E-32,6.39054163418223E-48,-1.));
#2085=DIRECTION('center_axis',(1.,6.52256026967278E-16,9.86076131526265E-32));
#2086=DIRECTION('ref_axis',(-5.26821835889682E-16,0.807691786826696,0.589604933402613));
#2087=DIRECTION('center_axis',(1.,6.52256026967278E-16,9.86076131526265E-32));
#2088=DIRECTION('ref_axis',(9.86076131526265E-32,6.39054163418222E-48,-1.));
#2089=DIRECTION('',(9.86076131526265E-32,6.39054163418221E-48,-1.));
#2090=DIRECTION('center_axis',(-1.,-6.52256026967278E-16,-9.86076131526265E-32));
#2091=DIRECTION('ref_axis',(9.86076131526265E-32,6.39054163418221E-48,-1.));
#2092=DIRECTION('center_axis',(-1.,-6.52256026967278E-16,-9.86076131526265E-32));
#2093=DIRECTION('ref_axis',(9.86076131526266E-32,6.39054163418222E-48,-1.));
#2094=DIRECTION('center_axis',(-1.,-6.52256026967278E-16,-9.86076131526265E-32));
#2095=DIRECTION('ref_axis',(9.86076131526266E-32,6.39054163418221E-48,-1.));
#2096=DIRECTION('center_axis',(1.,6.52256026967278E-16,9.86076131526266E-32));
#2097=DIRECTION('ref_axis',(0.,6.39054163418221E-48,-1.));
#2098=DIRECTION('center_axis',(-1.,-6.52256026967278E-16,-9.86076131526265E-32));
#2099=DIRECTION('ref_axis',(9.86076131526265E-32,6.39054163418221E-48,-1.));
#2100=DIRECTION('center_axis',(0.,-1.,-6.39054163418221E-48));
#2101=DIRECTION('ref_axis',(9.86076131526265E-32,6.39054163418221E-48,-1.));
#2102=DIRECTION('',(9.86076131526265E-32,6.39054163418221E-48,-1.));
#2103=DIRECTION('',(1.,0.,0.));
#2104=DIRECTION('center_axis',(-1.,0.,0.));
#2105=DIRECTION('ref_axis',(0.,6.39054163418222E-48,-1.));
#2106=DIRECTION('center_axis',(-1.,6.52256026967278E-16,-9.86076131526265E-32));
#2107=DIRECTION('ref_axis',(9.86076131526265E-32,6.39054163418222E-48,-1.));
#2108=DIRECTION('',(1.,0.,0.));
#2109=DIRECTION('center_axis',(-1.,0.,0.));
#2110=DIRECTION('ref_axis',(0.,6.39054163418221E-48,-1.));
#2111=DIRECTION('center_axis',(1.,-6.52256026967278E-16,9.86076131526265E-32));
#2112=DIRECTION('ref_axis',(9.86076131526265E-32,6.39054163418221E-48,-1.));
#2113=DIRECTION('',(-1.,0.,0.));
#2114=DIRECTION('center_axis',(-1.,0.,0.));
#2115=DIRECTION('ref_axis',(0.,6.39054163418222E-48,-1.));
#2116=DIRECTION('center_axis',(1.,-6.52256026967278E-16,9.86076131526265E-32));
#2117=DIRECTION('ref_axis',(9.86076131526266E-32,6.39054163418222E-48,-1.));
#2118=DIRECTION('',(-1.,0.,0.));
#2119=DIRECTION('center_axis',(-1.,0.,0.));
#2120=DIRECTION('ref_axis',(0.,6.39054163418221E-48,-1.));
#2121=DIRECTION('center_axis',(1.,-6.52256026967278E-16,9.86076131526265E-32));
#2122=DIRECTION('ref_axis',(9.86076131526266E-32,6.39054163418221E-48,-1.));
#2123=DIRECTION('',(-1.,0.,0.));
#2124=DIRECTION('center_axis',(-1.,0.,0.));
#2125=DIRECTION('ref_axis',(0.,6.39054163418221E-48,-1.));
#2126=DIRECTION('center_axis',(-1.,6.52256026967278E-16,-9.86076131526266E-32));
#2127=DIRECTION('ref_axis',(0.,6.39054163418221E-48,-1.));
#2128=DIRECTION('',(-1.,0.,0.));
#2129=DIRECTION('center_axis',(-1.,0.,0.));
#2130=DIRECTION('ref_axis',(0.,6.39054163418221E-48,-1.));
#2131=DIRECTION('center_axis',(1.,-6.52256026967278E-16,9.86076131526265E-32));
#2132=DIRECTION('ref_axis',(9.86076131526265E-32,6.39054163418221E-48,-1.));
#2133=DIRECTION('',(-1.,0.,0.));
#2134=DIRECTION('center_axis',(0.,-1.,-6.39054163418221E-48));
#2135=DIRECTION('ref_axis',(9.86076131526265E-32,6.39054163418221E-48,-1.));
#2136=DIRECTION('',(1.,0.,0.));
#2137=DIRECTION('',(9.86076131526265E-32,6.39054163418221E-48,-1.));
#2138=DIRECTION('center_axis',(1.,0.,0.));
#2139=DIRECTION('ref_axis',(0.,6.39054163418222E-48,-1.));
#2140=DIRECTION('',(1.,0.,0.));
#2141=DIRECTION('center_axis',(1.,6.52256026967278E-16,9.86076131526265E-32));
#2142=DIRECTION('ref_axis',(9.86076131526265E-32,6.39054163418222E-48,-1.));
#2143=DIRECTION('center_axis',(1.,0.,0.));
#2144=DIRECTION('ref_axis',(0.,0.807691786826696,0.589604933402613));
#2145=DIRECTION('center_axis',(1.,6.52256026967278E-16,9.86076131526265E-32));
#2146=DIRECTION('ref_axis',(-5.26821835889682E-16,0.807691786826696,0.589604933402613));
#2147=DIRECTION('center_axis',(1.,0.,0.));
#2148=DIRECTION('ref_axis',(0.,6.39054163418221E-48,-1.));
#2149=DIRECTION('center_axis',(-1.,-6.52256026967278E-16,-9.86076131526265E-32));
#2150=DIRECTION('ref_axis',(9.86076131526265E-32,6.39054163418221E-48,-1.));
#2151=DIRECTION('',(-1.,0.,0.));
#2152=DIRECTION('center_axis',(1.,0.,0.));
#2153=DIRECTION('ref_axis',(0.,6.39054163418222E-48,-1.));
#2154=DIRECTION('center_axis',(-1.,-6.52256026967278E-16,-9.86076131526265E-32));
#2155=DIRECTION('ref_axis',(9.86076131526266E-32,6.39054163418222E-48,-1.));
#2156=DIRECTION('',(-1.,0.,0.));
#2157=DIRECTION('center_axis',(1.,0.,0.));
#2158=DIRECTION('ref_axis',(0.,6.39054163418221E-48,-1.));
#2159=DIRECTION('center_axis',(-1.,-6.52256026967278E-16,-9.86076131526265E-32));
#2160=DIRECTION('ref_axis',(9.86076131526266E-32,6.39054163418221E-48,-1.));
#2161=DIRECTION('',(-1.,0.,0.));
#2162=DIRECTION('center_axis',(1.,0.,0.));
#2163=DIRECTION('ref_axis',(0.,6.39054163418221E-48,-1.));
#2164=DIRECTION('center_axis',(1.,6.52256026967278E-16,9.86076131526266E-32));
#2165=DIRECTION('ref_axis',(0.,6.39054163418221E-48,-1.));
#2166=DIRECTION('',(-1.,0.,0.));
#2167=DIRECTION('center_axis',(1.,0.,0.));
#2168=DIRECTION('ref_axis',(0.,6.39054163418221E-48,-1.));
#2169=DIRECTION('center_axis',(-1.,-6.52256026967278E-16,-9.86076131526265E-32));
#2170=DIRECTION('ref_axis',(9.86076131526265E-32,6.39054163418221E-48,-1.));
#2171=DIRECTION('',(-1.,0.,0.));
#2172=DIRECTION('center_axis',(1.,6.52256026967278E-16,9.86076131526266E-32));
#2173=DIRECTION('ref_axis',(9.86076131526266E-32,6.39054163418223E-48,-1.));
#2174=DIRECTION('center_axis',(-1.,0.,0.));
#2175=DIRECTION('ref_axis',(0.,-1.,2.22044604925031E-16));
#2176=DIRECTION('',(-1.,0.,0.));
#2177=DIRECTION('center_axis',(1.,2.43437544970546E-31,6.52256026967278E-16));
#2178=DIRECTION('ref_axis',(9.86076131526265E-32,-1.,2.22044604925031E-16));
#2179=DIRECTION('center_axis',(-1.,0.,0.));
#2180=DIRECTION('ref_axis',(0.,-1.,2.22044604925031E-16));
#2181=DIRECTION('center_axis',(-1.,-2.43437544970546E-31,-6.52256026967278E-16));
#2182=DIRECTION('ref_axis',(9.86076131526265E-32,-1.,2.22044604925031E-16));
#2183=DIRECTION('',(1.,0.,0.));
#2184=DIRECTION('center_axis',(0.,-2.22044604925031E-16,-1.));
#2185=DIRECTION('ref_axis',(9.86076131526265E-32,1.,-2.22044604925031E-16));
#2186=DIRECTION('',(-9.86076131526265E-32,-1.,2.22044604925031E-16));
#2187=DIRECTION('',(1.,0.,0.));
#2188=DIRECTION('center_axis',(1.,4.62223186652934E-32,6.52256026967278E-16));
#2189=DIRECTION('ref_axis',(9.86076131526266E-32,1.,-2.22044604925031E-16));
#2190=DIRECTION('',(4.62223186652934E-32,-1.,0.));
#2191=DIRECTION('center_axis',(1.,4.62223186652934E-32,6.52256026967278E-16));
#2192=DIRECTION('ref_axis',(9.86076131526265E-32,1.,-2.22044604925031E-16));
#2193=DIRECTION('center_axis',(-1.,-4.62223186652934E-32,-6.52256026967278E-16));
#2194=DIRECTION('ref_axis',(9.86076131526265E-32,1.,-2.22044604925031E-16));
#2195=DIRECTION('center_axis',(1.,0.,0.));
#2196=DIRECTION('ref_axis',(0.,1.,-2.22044604925031E-16));
#2197=DIRECTION('',(-1.,0.,0.));
#2198=DIRECTION('center_axis',(1.,0.,0.));
#2199=DIRECTION('ref_axis',(0.,1.,-2.22044604925031E-16));
#2200=DIRECTION('center_axis',(0.,0.,1.));
#2201=DIRECTION('ref_axis',(1.,0.,0.));
#2202=DIRECTION('',(4.62223186652934E-32,-1.,0.));
#2203=DIRECTION('center_axis',(-1.,0.,0.));
#2204=DIRECTION('ref_axis',(0.,-1.,2.22044604925031E-16));
#2205=DIRECTION('center_axis',(1.,2.43437544970546E-31,6.52256026967278E-16));
#2206=DIRECTION('ref_axis',(9.86076131526265E-32,-1.,2.22044604925031E-16));
#2207=DIRECTION('',(-1.,0.,0.));
#2208=DIRECTION('center_axis',(1.,2.43437544970546E-31,6.52256026967278E-16));
#2209=DIRECTION('ref_axis',(9.86076131526265E-32,-1.,2.22044604925031E-16));
#2210=DIRECTION('center_axis',(1.,4.62223186652934E-32,6.52256026967278E-16));
#2211=DIRECTION('ref_axis',(9.86076131526266E-32,1.,-2.22044604925031E-16));
#2212=DIRECTION('center_axis',(-1.,-4.62223186652934E-32,-6.52256026967278E-16));
#2213=DIRECTION('ref_axis',(9.86076131526265E-32,1.,-2.22044604925031E-16));
#2214=DIRECTION('center_axis',(1.,4.62223186652934E-32,6.52256026967278E-16));
#2215=DIRECTION('ref_axis',(9.86076131526266E-32,1.,-2.22044604925031E-16));
#2216=DIRECTION('center_axis',(-1.,-4.62223186652934E-32,-6.52256026967278E-16));
#2217=DIRECTION('ref_axis',(9.86076131526265E-32,1.,-2.22044604925031E-16));
#2218=DIRECTION('center_axis',(1.,0.,0.));
#2219=DIRECTION('ref_axis',(0.,1.,-2.22044604925031E-16));
#2220=DIRECTION('',(-1.,0.,0.));
#2221=CARTESIAN_POINT('',(0.,0.,0.));
#2222=CARTESIAN_POINT('Origin',(3.50000000000002,-34.4999999999999,-5.30652594342216));
#2223=CARTESIAN_POINT('',(-1.49999999999998,-34.4999999999999,-4.49999999999992));
#2224=CARTESIAN_POINT('',(3.50000000000002,-29.4999999999999,-12.7087121525221));
#2225=CARTESIAN_POINT('Ctrl Pts',(-1.49999999999998,-34.4999999999999,-4.49999999999991));
#2226=CARTESIAN_POINT('Ctrl Pts',(-1.49999999999998,-33.8566088383345,-5.14339116166533));
#2227=CARTESIAN_POINT('Ctrl Pts',(-1.36909207900184,-33.1574574447852,-5.83796237703325));
#2228=CARTESIAN_POINT('Ctrl Pts',(-0.79823525040169,-31.8475319622807,-7.17744693145253));
#2229=CARTESIAN_POINT('Ctrl Pts',(-0.352325439718823,-31.2399952450783,
-7.82297714596901));
#2230=CARTESIAN_POINT('Ctrl Pts',(0.529569122908225,-30.4467859139129,-8.86304110806392));
#2231=CARTESIAN_POINT('Ctrl Pts',(0.963585888032963,-30.1636503844704,-9.31611655992331));
#2232=CARTESIAN_POINT('Ctrl Pts',(1.8483404672159,-29.7555985922857,-10.2776349224278));
#2233=CARTESIAN_POINT('Ctrl Pts',(2.29663266935704,-29.6307677440184,-10.7883615325408));
#2234=CARTESIAN_POINT('Ctrl Pts',(3.00152373814499,-29.5147899991983,-11.7697270949659));
#2235=CARTESIAN_POINT('Ctrl Pts',(3.28005883645069,-29.4999999999999,-12.2287611856643));
#2236=CARTESIAN_POINT('Ctrl Pts',(3.50000000000002,-29.4999999999999,-12.7087121525221));
#2237=CARTESIAN_POINT('',(3.50000000000002,-29.5,18.3548299713225));
#2238=CARTESIAN_POINT('',(3.50000000000002,-29.4999999999999,-5.30652594342216));
#2239=CARTESIAN_POINT('',(-1.49999999999999,-34.4999999999999,17.9929417010722));
#2240=CARTESIAN_POINT('Ctrl Pts',(3.50000000000001,-29.4999999999999,18.3548299713225));
#2241=CARTESIAN_POINT('Ctrl Pts',(2.87232641797583,-29.4999999999999,18.3548299713225));
#2242=CARTESIAN_POINT('Ctrl Pts',(2.20282919776747,-29.6254234553671,18.3512028786449));
#2243=CARTESIAN_POINT('Ctrl Pts',(0.971344348428735,-30.1353638105642,18.3317317500311));
#2244=CARTESIAN_POINT('Ctrl Pts',(0.409365567918225,-30.5198812333245,18.3153455385502));
#2245=CARTESIAN_POINT('Ctrl Pts',(-0.47963043756788,-31.4082476943866,18.26595448466));
#2246=CARTESIAN_POINT('Ctrl Pts',(-0.864988918589098,-31.9717749699649,
18.2294992604459));
#2247=CARTESIAN_POINT('Ctrl Pts',(-1.37514846744383,-33.2046323363454,18.1286127280618));
#2248=CARTESIAN_POINT('Ctrl Pts',(-1.49999999999999,-33.8738970793329,18.0636387889085));
#2249=CARTESIAN_POINT('Ctrl Pts',(-1.49999999999999,-34.4999999999999,17.9929417010722));
#2250=CARTESIAN_POINT('',(-1.49999999999998,-34.4999999999999,-5.30652594342216));
#2251=CARTESIAN_POINT('Origin',(28.,-29.4999999999999,3.9435));
#2252=CARTESIAN_POINT('',(4.,-29.4999999999999,-15.));
#2253=CARTESIAN_POINT('Origin',(-1.50000000000001,-29.4999999999999,-15.));
#2254=CARTESIAN_POINT('',(4.00000000000003,-29.4999999999999,-33.0455488498967));
#2255=CARTESIAN_POINT('',(4.,-29.4999999999999,-12.27825));
#2256=CARTESIAN_POINT('',(32.,-29.4999999999999,-33.0455488498967));
#2257=CARTESIAN_POINT('',(30.,-29.4999999999999,-33.0455488498967));
#2258=CARTESIAN_POINT('',(32.,-29.4999999999999,-15.));
#2259=CARTESIAN_POINT('',(32.,-29.4999999999999,-12.27825));
#2260=CARTESIAN_POINT('',(37.5,-29.4999999999999,-9.5));
#2261=CARTESIAN_POINT('Origin',(37.5,-29.4999999999999,-15.));
#2262=CARTESIAN_POINT('',(48.5,-29.4999999999999,-9.5));
#2263=CARTESIAN_POINT('',(28.,-29.4999999999999,-9.5));
#2264=CARTESIAN_POINT('',(48.5,-29.4999999999999,18.3548299713225));
#2265=CARTESIAN_POINT('',(48.5,-29.4999999999999,-5.30652594342216));
#2266=CARTESIAN_POINT('',(56.,-29.4999999999999,18.3548299713225));
#2267=CARTESIAN_POINT('Origin',(3.50000000000001,-20.5,-5.30652594342217));
#2268=CARTESIAN_POINT('',(3.50000000000001,-25.5,-12.7087121525221));
#2269=CARTESIAN_POINT('',(-1.49999999999999,-20.5,-4.49999999999983));
#2270=CARTESIAN_POINT('Ctrl Pts',(3.50000000000001,-25.5,-12.7087121525221));
#2271=CARTESIAN_POINT('Ctrl Pts',(3.28005883645069,-25.5,-12.2287611856643));
#2272=CARTESIAN_POINT('Ctrl Pts',(3.00152373814498,-25.4852100008016,-11.7697270949659));
#2273=CARTESIAN_POINT('Ctrl Pts',(2.29663266935704,-25.3692322559814,-10.7883615325408));
#2274=CARTESIAN_POINT('Ctrl Pts',(1.8483404672159,-25.2444014077141,-10.2776349224278));
#2275=CARTESIAN_POINT('Ctrl Pts',(0.963585888032961,-24.8363496155295,-9.3161165599233));
#2276=CARTESIAN_POINT('Ctrl Pts',(0.529569122908223,-24.553214086087,-8.86304110806391));
#2277=CARTESIAN_POINT('Ctrl Pts',(-0.352325439718827,-23.7600047549216,
-7.82297714596899));
#2278=CARTESIAN_POINT('Ctrl Pts',(-0.798235250401695,-23.1524680377191,
-7.17744693145249));
#2279=CARTESIAN_POINT('Ctrl Pts',(-1.36909207900184,-21.8425425552147,-5.83796237703318));
#2280=CARTESIAN_POINT('Ctrl Pts',(-1.49999999999999,-21.1433911616654,-5.14339116166525));
#2281=CARTESIAN_POINT('Ctrl Pts',(-1.49999999999999,-20.5,-4.49999999999982));
#2282=CARTESIAN_POINT('',(-1.5,-20.5,17.9929417010722));
#2283=CARTESIAN_POINT('',(-1.49999999999999,-20.5,-5.30652594342217));
#2284=CARTESIAN_POINT('',(3.50000000000001,-25.5,18.3548299713225));
#2285=CARTESIAN_POINT('Ctrl Pts',(-1.49999999999999,-20.5,17.9929417010722));
#2286=CARTESIAN_POINT('Ctrl Pts',(-1.49999999999999,-21.126102920667,18.0636387889085));
#2287=CARTESIAN_POINT('Ctrl Pts',(-1.37514846744384,-21.7953676636545,18.1286127280618));
#2288=CARTESIAN_POINT('Ctrl Pts',(-0.86498891858911,-23.028225030035,18.2294992604459));
#2289=CARTESIAN_POINT('Ctrl Pts',(-0.479630437567889,-23.5917523056133,
18.2659544846599));
#2290=CARTESIAN_POINT('Ctrl Pts',(0.409365567918216,-24.4801187666754,18.3153455385502));
#2291=CARTESIAN_POINT('Ctrl Pts',(0.971344348428734,-24.8646361894357,18.3317317500311));
#2292=CARTESIAN_POINT('Ctrl Pts',(2.20282919776747,-25.3745765446328,18.3512028786449));
#2293=CARTESIAN_POINT('Ctrl Pts',(2.87232641797583,-25.5,18.3548299713225));
#2294=CARTESIAN_POINT('Ctrl Pts',(3.50000000000001,-25.5,18.3548299713225));
#2295=CARTESIAN_POINT('',(3.50000000000001,-25.5,-5.30652594342217));
#2296=CARTESIAN_POINT('Origin',(-1.5,-8.5,-14.5565518868443));
#2297=CARTESIAN_POINT('',(-1.50000000000001,-26.4999999999999,-10.5));
#2298=CARTESIAN_POINT('',(-1.49999999999999,-25.9999999999999,-10.));
#2299=CARTESIAN_POINT('',(-1.50000000000001,-0.175000000000016,-10.5));
#2300=CARTESIAN_POINT('',(-1.5,-46.5,-10.5));
#2301=CARTESIAN_POINT('',(-1.50000000000001,-2.22044604925031E-15,-10.4985415653794));
#2302=CARTESIAN_POINT('Origin',(-1.50000000000001,-0.175000000000017,1.11022302462516E-14));
#2303=CARTESIAN_POINT('',(-1.50000000000001,-2.22044604925031E-15,-10.5));
#2304=CARTESIAN_POINT('',(-1.50000000000001,-1.21430643318376E-15,5.91645678915759E-30));
#2305=CARTESIAN_POINT('',(-1.50000000000001,5.56498887003339,8.90398219205343));
#2306=CARTESIAN_POINT('Origin',(-1.50000000000001,-1.21430643318376E-15,
5.91645678915759E-30));
#2307=CARTESIAN_POINT('Origin',(-1.49999999999999,-27.5,-44.));
#2308=CARTESIAN_POINT('',(-1.5,-0.175000000000017,4.00000000000001));
#2309=CARTESIAN_POINT('Origin',(-1.5,-0.175000000000017,1.11022302462516E-14));
#2310=CARTESIAN_POINT('Origin',(56.5,-0.174999999999979,1.11022302462516E-14));
#2311=CARTESIAN_POINT('',(56.,3.65679708735911E-14,-9.49838802113284));
#2312=CARTESIAN_POINT('',(57.,3.65332764040716E-14,-10.4985415653794));
#2313=CARTESIAN_POINT('',(56.5,3.65473710323139E-14,-9.99846479325614));
#2314=CARTESIAN_POINT('',(57.,-0.174999999999979,-10.5));
#2315=CARTESIAN_POINT('Origin',(57.,-0.174999999999979,1.11022302462516E-14));
#2316=CARTESIAN_POINT('',(56.,-0.17499999999998,-9.49999999999999));
#2317=CARTESIAN_POINT('',(57.,-0.174999999999979,-10.5));
#2318=CARTESIAN_POINT('Origin',(56.,-0.17499999999998,1.11022302462516E-14));
#2319=CARTESIAN_POINT('Origin',(56.5,-17.4999999999999,-10.));
#2320=CARTESIAN_POINT('',(57.,-17.9999999999999,-10.5));
#2321=CARTESIAN_POINT('',(57.,-17.4999999999999,-10.5));
#2322=CARTESIAN_POINT('',(56.,-17.9999999999999,-9.5));
#2323=CARTESIAN_POINT('',(57.,-17.9999999999999,-10.5));
#2324=CARTESIAN_POINT('',(56.,-17.4999999999999,-9.5));
#2325=CARTESIAN_POINT('Origin',(48.5,-17.9999999999999,-10.));
#2326=CARTESIAN_POINT('',(48.5,-26.4999999999999,-10.5));
#2327=CARTESIAN_POINT('',(48.5,-25.4999999999999,-9.5));
#2328=CARTESIAN_POINT('',(48.5,-26.4999999999999,-10.5));
#2329=CARTESIAN_POINT('Origin',(48.5,-17.9999999999999,-9.5));
#2330=CARTESIAN_POINT('Origin',(48.5,-17.9999999999999,-10.5));
#2331=CARTESIAN_POINT('Origin',(28.,-25.9999999999999,-10.));
#2332=CARTESIAN_POINT('',(37.5,-26.4999999999999,-10.5));
#2333=CARTESIAN_POINT('',(37.5,-25.4999999999999,-9.5));
#2334=CARTESIAN_POINT('',(37.5,-26.4999999999999,-10.5));
#2335=CARTESIAN_POINT('',(28.,-25.4999999999999,-9.5));
#2336=CARTESIAN_POINT('',(28.,-26.4999999999999,-10.5));
#2337=CARTESIAN_POINT('Origin',(37.5,-25.9999999999999,-15.));
#2338=CARTESIAN_POINT('',(33.,-26.5,-15.));
#2339=CARTESIAN_POINT('Origin',(37.5,-26.5,-15.));
#2340=CARTESIAN_POINT('',(32.,-25.4999999999999,-15.));
#2341=CARTESIAN_POINT('',(33.,-26.5,-15.));
#2342=CARTESIAN_POINT('Origin',(37.5,-25.4999999999999,-15.));
#2343=CARTESIAN_POINT('Origin',(32.5,-26.,-12.27825));
#2344=CARTESIAN_POINT('',(33.,-26.5,-33.0455488498967));
#2345=CARTESIAN_POINT('',(32.,-25.4999999999999,-33.0455488498967));
#2346=CARTESIAN_POINT('',(33.,-26.5,-33.0455488498967));
#2347=CARTESIAN_POINT('',(32.,-25.4999999999999,-12.27825));
#2348=CARTESIAN_POINT('',(33.,-26.5,-12.27825));
#2349=CARTESIAN_POINT('Origin',(32.5,-14.4999999999999,-33.0455488498968));
#2350=CARTESIAN_POINT('',(33.,-22.3620689655172,-42.1113015258443));
#2351=CARTESIAN_POINT('',(31.9999999999999,-21.7068965517241,-41.355822136182));
#2352=CARTESIAN_POINT('',(33.,-22.3620689655172,-42.1113015258443));
#2353=CARTESIAN_POINT('Origin',(31.9999999999999,-14.4999999999999,-33.0455488498968));
#2354=CARTESIAN_POINT('Origin',(33.,-14.4999999999999,-33.0455488498968));
#2355=CARTESIAN_POINT('Origin',(32.5,-24.,-44.));
#2356=CARTESIAN_POINT('',(33.,-24.,-46.5));
#2357=CARTESIAN_POINT('Origin',(33.,-24.,-44.));
#2358=CARTESIAN_POINT('',(32.,-24.,-47.5));
#2359=CARTESIAN_POINT('',(33.,-24.,-46.5));
#2360=CARTESIAN_POINT('Origin',(32.,-24.,-44.));
#2361=CARTESIAN_POINT('Origin',(32.5,-69.9151721697335,-47.));
#2362=CARTESIAN_POINT('',(33.,-30.9999999999999,-46.5));
#2363=CARTESIAN_POINT('',(32.,-30.9999999999999,-47.5));
#2364=CARTESIAN_POINT('',(33.,-30.9999999999999,-46.5));
#2365=CARTESIAN_POINT('',(32.,-69.9151721697335,-47.5));
#2366=CARTESIAN_POINT('',(33.,-69.9151721697335,-46.5));
#2367=CARTESIAN_POINT('Origin',(32.5,-30.9999999999999,-44.));
#2368=CARTESIAN_POINT('',(33.,-32.6379310344827,-42.1113015258443));
#2369=CARTESIAN_POINT('',(32.,-33.2931034482758,-41.355822136182));
#2370=CARTESIAN_POINT('',(33.,-32.6379310344827,-42.1113015258443));
#2371=CARTESIAN_POINT('Origin',(32.,-30.9999999999999,-44.));
#2372=CARTESIAN_POINT('Origin',(33.,-30.9999999999999,-44.));
#2373=CARTESIAN_POINT('Origin',(32.5,-40.5,-33.0455488498968));
#2374=CARTESIAN_POINT('',(33.,-28.5,-33.0455488498967));
#2375=CARTESIAN_POINT('',(33.,-28.5,-33.0455488498967));
#2376=CARTESIAN_POINT('Origin',(32.,-40.5,-33.0455488498968));
#2377=CARTESIAN_POINT('Origin',(33.,-40.5,-33.0455488498968));
#2378=CARTESIAN_POINT('Origin',(32.5,-28.9999999999999,-12.27825));
#2379=CARTESIAN_POINT('',(33.,-28.4999999999999,-15.));
#2380=CARTESIAN_POINT('',(33.,-28.4999999999999,-12.27825));
#2381=CARTESIAN_POINT('',(33.,-28.4999999999999,-15.));
#2382=CARTESIAN_POINT('Origin',(37.5,-28.9999999999999,-15.));
#2383=CARTESIAN_POINT('',(37.5,-28.4999999999999,-10.5));
#2384=CARTESIAN_POINT('Origin',(37.5,-28.4999999999999,-15.));
#2385=CARTESIAN_POINT('',(37.5,-28.4999999999999,-10.5));
#2386=CARTESIAN_POINT('Origin',(28.,-28.9999999999999,-10.));
#2387=CARTESIAN_POINT('',(48.5,-28.4999999999999,-10.5));
#2388=CARTESIAN_POINT('',(28.,-28.4999999999999,-10.5));
#2389=CARTESIAN_POINT('',(48.5,-28.4999999999999,-10.5));
#2390=CARTESIAN_POINT('Origin',(48.5,-36.9999999999999,-10.));
#2391=CARTESIAN_POINT('',(57.,-36.9999999999999,-10.5));
#2392=CARTESIAN_POINT('',(56.,-36.9999999999999,-9.49999999999999));
#2393=CARTESIAN_POINT('',(57.,-36.9999999999999,-10.5));
#2394=CARTESIAN_POINT('Origin',(48.5,-36.9999999999999,-9.49999999999999));
#2395=CARTESIAN_POINT('Origin',(48.5,-36.9999999999999,-10.5));
#2396=CARTESIAN_POINT('Origin',(56.5,-17.4999999999999,-10.));
#2397=CARTESIAN_POINT('',(57.,-54.825,-10.5));
#2398=CARTESIAN_POINT('',(57.,-17.4999999999999,-10.5));
#2399=CARTESIAN_POINT('',(56.,-54.825,-9.5));
#2400=CARTESIAN_POINT('',(57.,-54.825,-10.5));
#2401=CARTESIAN_POINT('',(56.,-17.4999999999999,-9.5));
#2402=CARTESIAN_POINT('Origin',(56.5,-54.825,1.11022302462516E-14));
#2403=CARTESIAN_POINT('',(57.,-55.0000000000001,-10.4985415653794));
#2404=CARTESIAN_POINT('',(56.,-55.0000000000001,-9.49838802113284));
#2405=CARTESIAN_POINT('',(56.5,-55.0000000000001,-9.99846479325616));
#2406=CARTESIAN_POINT('Origin',(56.,-54.825,1.11022302462516E-14));
#2407=CARTESIAN_POINT('Origin',(57.,-54.825,1.11022302462516E-14));
#2408=CARTESIAN_POINT('Origin',(56.,-54.825,1.11022302462516E-14));
#2409=CARTESIAN_POINT('',(59.,-54.825,-10.5));
#2410=CARTESIAN_POINT('',(56.,-54.825,-10.5));
#2411=CARTESIAN_POINT('',(59.,-55.0000000000001,-10.4985415653794));
#2412=CARTESIAN_POINT('Origin',(59.,-54.825,1.11022302462516E-14));
#2413=CARTESIAN_POINT('',(56.,-55.0000000000001,-10.4985415653794));
#2414=CARTESIAN_POINT('Origin',(33.,-53.4434481131556,-28.5));
#2415=CARTESIAN_POINT('',(33.,-39.9717240565778,-15.));
#2416=CARTESIAN_POINT('',(33.,-25.5,-44.));
#2417=CARTESIAN_POINT('Origin',(33.,-24.,-44.));
#2418=CARTESIAN_POINT('',(33.,-29.4999999999999,-44.));
#2419=CARTESIAN_POINT('Origin',(33.,-30.9999999999999,-44.));
#2420=CARTESIAN_POINT('Origin',(37.5,-39.9717240565778,-15.));
#2421=CARTESIAN_POINT('',(37.5,-39.9717240565778,-10.5));
#2422=CARTESIAN_POINT('Origin',(28.,-26.4999999999999,-10.5));
#2423=CARTESIAN_POINT('',(59.,-0.174999999999979,-10.5));
#2424=CARTESIAN_POINT('',(56.,-0.174999999999979,-10.5));
#2425=CARTESIAN_POINT('',(59.,-46.5000000000001,-10.5));
#2426=CARTESIAN_POINT('Origin',(56.,-0.174999999999979,1.11022302462516E-14));
#2427=CARTESIAN_POINT('',(59.,3.5527136788005E-14,-10.4985415653794));
#2428=CARTESIAN_POINT('',(56.,3.65332764040716E-14,-10.4985415653794));
#2429=CARTESIAN_POINT('Origin',(59.,-0.174999999999979,1.11022302462516E-14));
#2430=CARTESIAN_POINT('Origin',(-1.50000000000001,-25.9999999999999,-15.));
#2431=CARTESIAN_POINT('',(3.99999999999999,-25.5,-15.));
#2432=CARTESIAN_POINT('Origin',(-1.50000000000001,-25.5,-15.));
#2433=CARTESIAN_POINT('',(2.99999999999999,-26.4999999999999,-15.));
#2434=CARTESIAN_POINT('',(3.99999999999999,-25.5,-15.));
#2435=CARTESIAN_POINT('Origin',(-1.50000000000001,-26.4999999999999,-15.));
#2436=CARTESIAN_POINT('Origin',(3.5,-26.,-12.27825));
#2437=CARTESIAN_POINT('',(4.00000000000001,-25.5,-33.0455488498967));
#2438=CARTESIAN_POINT('',(3.00000000000001,-26.5,-33.0455488498967));
#2439=CARTESIAN_POINT('',(4.00000000000001,-25.5,-33.0455488498967));
#2440=CARTESIAN_POINT('',(2.99999999999999,-26.5,-12.27825));
#2441=CARTESIAN_POINT('',(4.,-25.5,-12.27825));
#2442=CARTESIAN_POINT('Origin',(3.49999999999998,-14.4999999999999,-33.0455488498967));
#2443=CARTESIAN_POINT('',(3.99999999999996,-21.7068965517241,-41.355822136182));
#2444=CARTESIAN_POINT('',(3.00000000000001,-22.3620689655172,-42.1113015258443));
#2445=CARTESIAN_POINT('',(3.99999999999996,-21.7068965517241,-41.355822136182));
#2446=CARTESIAN_POINT('Origin',(3.00000000000001,-14.4999999999999,-33.0455488498967));
#2447=CARTESIAN_POINT('Origin',(3.99999999999996,-14.4999999999999,-33.0455488498967));
#2448=CARTESIAN_POINT('Origin',(3.50000000000001,-24.,-44.));
#2449=CARTESIAN_POINT('',(4.,-24.,-47.5));
#2450=CARTESIAN_POINT('Origin',(4.,-24.,-44.));
#2451=CARTESIAN_POINT('',(3.00000000000001,-24.,-46.5));
#2452=CARTESIAN_POINT('',(4.,-24.,-47.5));
#2453=CARTESIAN_POINT('Origin',(3.00000000000001,-24.,-44.));
#2454=CARTESIAN_POINT('Origin',(3.50000000000001,-69.9151721697335,-47.));
#2455=CARTESIAN_POINT('',(4.00000000000001,-30.9999999999999,-47.5));
#2456=CARTESIAN_POINT('',(3.00000000000001,-30.9999999999999,-46.5));
#2457=CARTESIAN_POINT('',(4.00000000000001,-30.9999999999999,-47.5));
#2458=CARTESIAN_POINT('',(3.00000000000001,-69.9151721697335,-46.5));
#2459=CARTESIAN_POINT('',(4.00000000000001,-69.9151721697335,-47.5));
#2460=CARTESIAN_POINT('Origin',(3.50000000000001,-30.9999999999999,-44.));
#2461=CARTESIAN_POINT('',(4.,-33.2931034482758,-41.355822136182));
#2462=CARTESIAN_POINT('',(3.00000000000001,-32.6379310344827,-42.1113015258443));
#2463=CARTESIAN_POINT('',(4.,-33.2931034482758,-41.355822136182));
#2464=CARTESIAN_POINT('Origin',(3.00000000000001,-30.9999999999999,-44.));
#2465=CARTESIAN_POINT('Origin',(4.,-30.9999999999999,-44.));
#2466=CARTESIAN_POINT('Origin',(3.50000000000001,-40.4999999999999,-33.0455488498967));
#2467=CARTESIAN_POINT('Origin',(4.00000000000002,-40.4999999999999,-33.0455488498967));
#2468=CARTESIAN_POINT('',(3.00000000000001,-28.4999999999999,-33.0455488498967));
#2469=CARTESIAN_POINT('',(4.00000000000003,-29.4999999999999,-33.0455488498967));
#2470=CARTESIAN_POINT('Origin',(3.00000000000001,-40.4999999999999,-33.0455488498967));
#2471=CARTESIAN_POINT('Origin',(3.5,-28.9999999999999,-12.27825));
#2472=CARTESIAN_POINT('',(2.99999999999999,-28.4999999999999,-15.));
#2473=CARTESIAN_POINT('',(4.,-29.4999999999999,-15.));
#2474=CARTESIAN_POINT('',(2.99999999999999,-28.4999999999999,-12.27825));
#2475=CARTESIAN_POINT('Origin',(-1.50000000000001,-28.9999999999999,-15.));
#2476=CARTESIAN_POINT('',(-1.50000000000001,-28.4999999999999,-10.5));
#2477=CARTESIAN_POINT('',(-1.49999999999999,-28.9999999999999,-10.));
#2478=CARTESIAN_POINT('Origin',(-1.50000000000001,-28.4999999999999,-15.));
#2479=CARTESIAN_POINT('Origin',(3.,-40.4999999999999,-33.0455488498967));
#2480=CARTESIAN_POINT('',(6.00000000000001,-33.2931034482758,-41.355822136182));
#2481=CARTESIAN_POINT('',(3.,-33.2931034482758,-41.355822136182));
#2482=CARTESIAN_POINT('',(6.00000000000002,-32.4106370805023,-40.4995549913388));
#2483=CARTESIAN_POINT('Origin',(6.00000000000001,-40.4999999999999,-33.0455488498967));
#2484=CARTESIAN_POINT('',(30.,-32.4106370805023,-40.4995549913388));
#2485=CARTESIAN_POINT('',(30.,-32.4106370805023,-40.4995549913388));
#2486=CARTESIAN_POINT('',(30.,-33.2931034482758,-41.355822136182));
#2487=CARTESIAN_POINT('Origin',(30.,-40.4999999999999,-33.0455488498967));
#2488=CARTESIAN_POINT('',(30.,-33.2931034482758,-41.355822136182));
#2489=CARTESIAN_POINT('Origin',(3.00000000000001,-30.9999999999999,-44.));
#2490=CARTESIAN_POINT('',(6.00000000000001,-30.9999999999999,-47.5));
#2491=CARTESIAN_POINT('',(3.00000000000001,-30.9999999999999,-47.5));
#2492=CARTESIAN_POINT('Origin',(6.00000000000001,-30.9999999999999,-44.));
#2493=CARTESIAN_POINT('Origin',(3.00000000000001,-86.3868962263113,-47.5));
#2494=CARTESIAN_POINT('',(6.00000000000001,-24.,-47.5));
#2495=CARTESIAN_POINT('',(3.00000000000001,-24.,-47.5));
#2496=CARTESIAN_POINT('',(6.00000000000001,13.0000000000001,-47.5));
#2497=CARTESIAN_POINT('Origin',(3.00000000000001,-24.,-44.));
#2498=CARTESIAN_POINT('',(6.00000000000001,-21.7068965517241,-41.355822136182));
#2499=CARTESIAN_POINT('',(3.,-21.7068965517241,-41.355822136182));
#2500=CARTESIAN_POINT('Origin',(6.00000000000001,-24.,-44.));
#2501=CARTESIAN_POINT('Origin',(3.,-14.4999999999999,-33.0455488498967));
#2502=CARTESIAN_POINT('',(30.,-21.7068965517241,-41.355822136182));
#2503=CARTESIAN_POINT('',(30.,-21.7068965517241,-41.355822136182));
#2504=CARTESIAN_POINT('',(30.,-22.5893629194976,-40.4995549913388));
#2505=CARTESIAN_POINT('Origin',(30.,-14.4999999999999,-33.0455488498967));
#2506=CARTESIAN_POINT('',(5.99999999999997,-22.5893629194976,-40.4995549913388));
#2507=CARTESIAN_POINT('',(30.,-22.5893629194976,-40.4995549913388));
#2508=CARTESIAN_POINT('Origin',(5.99999999999997,-14.4999999999999,-33.0455488498967));
#2509=CARTESIAN_POINT('',(30.,-25.4999999999999,-33.0455488498967));
#2510=CARTESIAN_POINT('Origin',(28.,-25.4999999999999,3.9435));
#2511=CARTESIAN_POINT('',(48.5,-25.4999999999999,18.3548299713225));
#2512=CARTESIAN_POINT('',(56.,-25.4999999999999,18.3548299713225));
#2513=CARTESIAN_POINT('',(48.5,-25.4999999999999,-5.30652594342217));
#2514=CARTESIAN_POINT('Origin',(-1.50000000000001,-39.9717240565778,-15.));
#2515=CARTESIAN_POINT('',(-1.50000000000001,-39.9717240565778,-10.5));
#2516=CARTESIAN_POINT('',(2.99999999999999,-39.9717240565778,-15.));
#2517=CARTESIAN_POINT('Origin',(28.,-26.4999999999999,-10.5));
#2518=CARTESIAN_POINT('',(-1.50000000000001,-54.825,-10.5));
#2519=CARTESIAN_POINT('',(-1.50000000000001,-39.9717240565778,-10.5));
#2520=CARTESIAN_POINT('',(-4.50000000000001,-54.825,-10.5));
#2521=CARTESIAN_POINT('',(-3.00000000000001,-54.825,-10.5));
#2522=CARTESIAN_POINT('',(-4.50000000000001,-0.175000000000017,-10.5));
#2523=CARTESIAN_POINT('',(-4.5,-8.5,-10.5));
#2524=CARTESIAN_POINT('',(-3.00000000000001,-0.175000000000017,-10.5));
#2525=CARTESIAN_POINT('Origin',(48.5,-17.9999999999999,-5.30652594342217));
#2526=CARTESIAN_POINT('',(56.,-17.9999999999999,17.6593449588344));
#2527=CARTESIAN_POINT('Ctrl Pts',(48.5,-25.4999999999999,18.3548299713225));
#2528=CARTESIAN_POINT('Ctrl Pts',(49.4414490900904,-25.4999999999999,18.3548299713225));
#2529=CARTESIAN_POINT('Ctrl Pts',(50.4456305637128,-25.3118813247135,18.349686594976));
#2530=CARTESIAN_POINT('Ctrl Pts',(52.2926541049968,-24.5471261816287,18.3181499916525));
#2531=CARTESIAN_POINT('Ctrl Pts',(53.1354736750994,-23.9704861334064,18.2905377449607));
#2532=CARTESIAN_POINT('Ctrl Pts',(54.4703334703569,-22.636911851945,18.2006809538434));
#2533=CARTESIAN_POINT('Ctrl Pts',(55.0489099214358,-21.7899728776771,18.1320054711263));
#2534=CARTESIAN_POINT('Ctrl Pts',(55.8136705181218,-19.9396748913218,17.9340939866841));
#2535=CARTESIAN_POINT('Ctrl Pts',(56.,-18.9365069945745,17.8036347895875));
#2536=CARTESIAN_POINT('Ctrl Pts',(56.,-17.9999999999999,17.6593449588344));
#2537=CARTESIAN_POINT('',(56.,-17.9999999999999,-5.30652594342217));
#2538=CARTESIAN_POINT('Origin',(48.5,-36.9999999999999,-5.30652594342216));
#2539=CARTESIAN_POINT('',(56.,-36.9999999999999,17.6593449588344));
#2540=CARTESIAN_POINT('',(56.,-36.9999999999999,-5.30652594342216));
#2541=CARTESIAN_POINT('Ctrl Pts',(56.,-36.9999999999999,17.6593449588344));
#2542=CARTESIAN_POINT('Ctrl Pts',(56.,-36.0634930054254,17.8036347895875));
#2543=CARTESIAN_POINT('Ctrl Pts',(55.8136705181218,-35.060325108678,17.9340939866841));
#2544=CARTESIAN_POINT('Ctrl Pts',(55.0489099214358,-33.2100271223227,18.1320054711264));
#2545=CARTESIAN_POINT('Ctrl Pts',(54.4703334703569,-32.3630881480549,18.2006809538434));
#2546=CARTESIAN_POINT('Ctrl Pts',(53.1354736750994,-31.0295138665934,18.2905377449607));
#2547=CARTESIAN_POINT('Ctrl Pts',(52.2926541049968,-30.4528738183712,18.3181499916525));
#2548=CARTESIAN_POINT('Ctrl Pts',(50.4456305637128,-29.6881186752864,18.349686594976));
#2549=CARTESIAN_POINT('Ctrl Pts',(49.4414490900904,-29.4999999999999,18.3548299713225));
#2550=CARTESIAN_POINT('Ctrl Pts',(48.5,-29.4999999999999,18.3548299713225));
#2551=CARTESIAN_POINT('Origin',(56.,-8.49999999999996,-14.5565518868443));
#2552=CARTESIAN_POINT('',(56.,-55.0000000000001,-10.5));
#2553=CARTESIAN_POINT('',(56.,-55.0000000000001,5.91645678915759E-30));
#2554=CARTESIAN_POINT('',(56.,-60.5649888700334,8.90398219205343));
#2555=CARTESIAN_POINT('Origin',(56.,-55.0000000000001,5.91645678915759E-30));
#2556=CARTESIAN_POINT('Origin',(56.,-27.5,-44.));
#2557=CARTESIAN_POINT('',(56.,-54.825,-5.09999999999999));
#2558=CARTESIAN_POINT('Origin',(56.,-54.825,-6.99999999999999));
#2559=CARTESIAN_POINT('',(56.,-54.825,3.70000000000001));
#2560=CARTESIAN_POINT('Origin',(56.,-54.825,1.11022302462516E-14));
#2561=CARTESIAN_POINT('',(56.,-61.825,1.90000000000001));
#2562=CARTESIAN_POINT('Origin',(56.,-61.825,1.23881093853563E-14));
#2563=CARTESIAN_POINT('',(56.,-47.825,1.90000000000001));
#2564=CARTESIAN_POINT('Origin',(56.,-47.825,9.81635110714684E-15));
#2565=CARTESIAN_POINT('',(56.,-54.825,8.90000000000001));
#2566=CARTESIAN_POINT('Origin',(56.,-54.825,7.00000000000001));
#2567=CARTESIAN_POINT('Origin',(-1.5,-8.5,-14.5565518868443));
#2568=CARTESIAN_POINT('',(-1.50000000000001,-60.5649888700334,8.90398219205343));
#2569=CARTESIAN_POINT('Origin',(-1.49999999999999,-27.5,-44.));
#2570=CARTESIAN_POINT('',(-1.50000000000001,-55.,-10.5));
#2571=CARTESIAN_POINT('Origin',(-1.50000000000001,-55.,5.91645678915759E-30));
#2572=CARTESIAN_POINT('',(-1.50000000000001,-55.,-10.4985415653794));
#2573=CARTESIAN_POINT('',(-1.50000000000001,-55.,5.91645678915759E-30));
#2574=CARTESIAN_POINT('Origin',(-1.50000000000001,-54.825,1.11022302462516E-14));
#2575=CARTESIAN_POINT('',(-1.5,-54.825,4.00000000000001));
#2576=CARTESIAN_POINT('Origin',(-1.5,-54.825,1.11022302462516E-14));
#2577=CARTESIAN_POINT('Origin',(-3.00000000000001,-54.825,1.11022302462516E-14));
#2578=CARTESIAN_POINT('',(-4.50000000000001,-55.,-10.4985415653794));
#2579=CARTESIAN_POINT('Origin',(-4.50000000000001,-54.825,1.11022302462516E-14));
#2580=CARTESIAN_POINT('',(-3.00000000000001,-55.,-10.4985415653794));
#2581=CARTESIAN_POINT('Origin',(-3.00000000000001,-55.,-10.4985415653794));
#2582=CARTESIAN_POINT('',(-4.50000000000001,-55.,-10.5));
#2583=CARTESIAN_POINT('',(-4.50000000000001,-55.,5.91645678915759E-30));
#2584=CARTESIAN_POINT('',(-3.00000000000001,-55.,-10.5));
#2585=CARTESIAN_POINT('Origin',(-3.00000000000001,-55.,5.91645678915759E-30));
#2586=CARTESIAN_POINT('',(-4.50000000000001,-60.5649888700334,8.90398219205343));
#2587=CARTESIAN_POINT('Origin',(-4.50000000000001,-55.,5.91645678915759E-30));
#2588=CARTESIAN_POINT('',(-3.00000000000001,-60.5649888700334,8.90398219205343));
#2589=CARTESIAN_POINT('Origin',(-3.00000000000001,-54.825,1.11022302462516E-14));
#2590=CARTESIAN_POINT('',(-4.5,-54.825,4.00000000000001));
#2591=CARTESIAN_POINT('',(-3.00000000000001,-54.825,4.00000000000001));
#2592=CARTESIAN_POINT('Origin',(-4.5,-54.825,1.11022302462516E-14));
#2593=CARTESIAN_POINT('Origin',(-4.5,-8.5,-14.5565518868443));
#2594=CARTESIAN_POINT('',(-4.50000000000001,5.56498887003339,8.90398219205343));
#2595=CARTESIAN_POINT('Origin',(-4.49999999999999,-27.5,-44.));
#2596=CARTESIAN_POINT('',(-4.50000000000001,-1.21430643318376E-15,-10.5));
#2597=CARTESIAN_POINT('Origin',(-4.50000000000001,-1.21430643318376E-15,
5.91645678915759E-30));
#2598=CARTESIAN_POINT('',(-4.50000000000001,-1.21430643318376E-15,-10.4985415653794));
#2599=CARTESIAN_POINT('',(-4.50000000000001,-1.21430643318376E-15,5.91645678915759E-30));
#2600=CARTESIAN_POINT('Origin',(-4.50000000000001,-0.175000000000017,1.11022302462516E-14));
#2601=CARTESIAN_POINT('',(-4.5,-0.175000000000017,4.00000000000001));
#2602=CARTESIAN_POINT('Origin',(-4.5,-0.175000000000017,1.11022302462516E-14));
#2603=CARTESIAN_POINT('Origin',(-3.00000000000001,-0.175000000000017,1.11022302462516E-14));
#2604=CARTESIAN_POINT('',(-3.00000000000001,-1.21430643318376E-15,-10.4985415653794));
#2605=CARTESIAN_POINT('Origin',(-3.00000000000001,-1.21430643318376E-15,
-10.4985415653794));
#2606=CARTESIAN_POINT('',(-3.00000000000001,-1.21430643318376E-15,-10.5));
#2607=CARTESIAN_POINT('Origin',(-3.00000000000001,-1.21430643318376E-15,
5.91645678915759E-30));
#2608=CARTESIAN_POINT('',(-3.00000000000001,5.56498887003339,8.90398219205343));
#2609=CARTESIAN_POINT('Origin',(-3.00000000000001,-0.175000000000017,1.11022302462516E-14));
#2610=CARTESIAN_POINT('',(-3.00000000000001,-0.175000000000017,4.00000000000001));
#2611=CARTESIAN_POINT('Origin',(56.,-8.49999999999996,-14.5565518868443));
#2612=CARTESIAN_POINT('',(56.,5.56498887003343,8.90398219205343));
#2613=CARTESIAN_POINT('Origin',(56.,-27.5,-44.));
#2614=CARTESIAN_POINT('',(56.,3.65332764040716E-14,-10.5));
#2615=CARTESIAN_POINT('Origin',(56.,3.65332764040716E-14,5.91645678915759E-30));
#2616=CARTESIAN_POINT('',(56.,3.65332764040716E-14,5.91645678915759E-30));
#2617=CARTESIAN_POINT('',(56.,-0.174999999999981,8.90000000000001));
#2618=CARTESIAN_POINT('Origin',(56.,-0.17499999999998,7.00000000000001));
#2619=CARTESIAN_POINT('',(56.,-7.17499999999998,1.90000000000001));
#2620=CARTESIAN_POINT('Origin',(56.,-7.17499999999998,9.81635110714684E-15));
#2621=CARTESIAN_POINT('',(56.,6.82500000000002,1.90000000000001));
#2622=CARTESIAN_POINT('Origin',(56.,6.82500000000002,1.23881093853563E-14));
#2623=CARTESIAN_POINT('',(56.,-0.17499999999998,3.70000000000001));
#2624=CARTESIAN_POINT('Origin',(56.,-0.174999999999979,1.11022302462516E-14));
#2625=CARTESIAN_POINT('',(56.,-0.174999999999978,-5.09999999999999));
#2626=CARTESIAN_POINT('Origin',(56.,-0.174999999999978,-6.99999999999999));
#2627=CARTESIAN_POINT('Origin',(56.,-55.0000000000001,-10.4985415653794));
#2628=CARTESIAN_POINT('',(59.,-55.0000000000001,-10.5));
#2629=CARTESIAN_POINT('',(59.,-55.0000000000001,5.91645678915759E-30));
#2630=CARTESIAN_POINT('',(56.,-55.0000000000001,-10.5));
#2631=CARTESIAN_POINT('Origin',(56.,-55.0000000000001,5.91645678915759E-30));
#2632=CARTESIAN_POINT('',(59.,-60.5649888700334,8.90398219205343));
#2633=CARTESIAN_POINT('Origin',(59.,-55.0000000000001,5.91645678915759E-30));
#2634=CARTESIAN_POINT('',(56.,-60.5649888700334,8.90398219205343));
#2635=CARTESIAN_POINT('Origin',(56.,-54.825,7.00000000000001));
#2636=CARTESIAN_POINT('',(59.,-54.825,8.90000000000001));
#2637=CARTESIAN_POINT('Origin',(59.,-54.825,7.00000000000001));
#2638=CARTESIAN_POINT('',(56.,-54.825,8.90000000000001));
#2639=CARTESIAN_POINT('Origin',(56.,-47.825,9.81635110714684E-15));
#2640=CARTESIAN_POINT('',(59.,-47.825,1.90000000000001));
#2641=CARTESIAN_POINT('Origin',(59.,-47.825,9.81635110714684E-15));
#2642=CARTESIAN_POINT('',(56.,-47.825,1.90000000000001));
#2643=CARTESIAN_POINT('Origin',(56.,-61.825,1.23881093853563E-14));
#2644=CARTESIAN_POINT('',(59.,-61.825,1.90000000000001));
#2645=CARTESIAN_POINT('Origin',(59.,-61.825,1.23881093853563E-14));
#2646=CARTESIAN_POINT('',(56.,-61.825,1.90000000000001));
#2647=CARTESIAN_POINT('Origin',(56.,-54.825,1.11022302462516E-14));
#2648=CARTESIAN_POINT('',(59.,-54.825,3.70000000000001));
#2649=CARTESIAN_POINT('Origin',(59.,-54.825,1.11022302462516E-14));
#2650=CARTESIAN_POINT('',(56.,-54.825,3.70000000000001));
#2651=CARTESIAN_POINT('Origin',(56.,-54.825,-6.99999999999999));
#2652=CARTESIAN_POINT('',(59.,-54.825,-5.09999999999999));
#2653=CARTESIAN_POINT('Origin',(59.,-54.825,-6.99999999999999));
#2654=CARTESIAN_POINT('',(56.,-54.825,-5.09999999999999));
#2655=CARTESIAN_POINT('Origin',(56.,3.65332764040716E-14,-10.4985415653794));
#2656=CARTESIAN_POINT('',(59.,3.5527136788005E-14,-10.5));
#2657=CARTESIAN_POINT('',(56.,3.65332764040716E-14,-10.5));
#2658=CARTESIAN_POINT('',(59.,3.65332764040716E-14,5.91645678915759E-30));
#2659=CARTESIAN_POINT('Origin',(56.,3.65332764040716E-14,5.91645678915759E-30));
#2660=CARTESIAN_POINT('',(59.,5.56498887003343,8.90398219205343));
#2661=CARTESIAN_POINT('',(56.,5.56498887003343,8.90398219205343));
#2662=CARTESIAN_POINT('Origin',(59.,3.65332764040716E-14,5.91645678915759E-30));
#2663=CARTESIAN_POINT('Origin',(56.,-27.5,-44.));
#2664=CARTESIAN_POINT('Origin',(59.,-27.5,-44.));
#2665=CARTESIAN_POINT('Origin',(56.,-0.17499999999998,7.00000000000001));
#2666=CARTESIAN_POINT('',(59.,-0.174999999999979,8.90000000000001));
#2667=CARTESIAN_POINT('Origin',(59.,-0.17499999999998,7.00000000000001));
#2668=CARTESIAN_POINT('',(56.,-0.174999999999981,8.90000000000001));
#2669=CARTESIAN_POINT('Origin',(56.,-7.17499999999998,9.81635110714684E-15));
#2670=CARTESIAN_POINT('',(59.,-7.17499999999998,1.90000000000001));
#2671=CARTESIAN_POINT('Origin',(59.,-7.17499999999998,9.81635110714684E-15));
#2672=CARTESIAN_POINT('',(56.,-7.17499999999998,1.90000000000001));
#2673=CARTESIAN_POINT('Origin',(56.,6.82500000000002,1.23881093853563E-14));
#2674=CARTESIAN_POINT('',(59.,6.82500000000002,1.90000000000001));
#2675=CARTESIAN_POINT('Origin',(59.,6.82500000000002,1.23881093853563E-14));
#2676=CARTESIAN_POINT('',(56.,6.82500000000002,1.90000000000001));
#2677=CARTESIAN_POINT('Origin',(56.,-0.174999999999979,1.11022302462516E-14));
#2678=CARTESIAN_POINT('',(59.,-0.17499999999998,3.70000000000001));
#2679=CARTESIAN_POINT('Origin',(59.,-0.174999999999979,1.11022302462516E-14));
#2680=CARTESIAN_POINT('',(56.,-0.17499999999998,3.70000000000001));
#2681=CARTESIAN_POINT('Origin',(56.,-0.174999999999978,-6.99999999999999));
#2682=CARTESIAN_POINT('',(59.,-0.174999999999979,-5.09999999999999));
#2683=CARTESIAN_POINT('Origin',(59.,-0.174999999999978,-6.99999999999999));
#2684=CARTESIAN_POINT('',(56.,-0.174999999999978,-5.09999999999999));
#2685=CARTESIAN_POINT('Origin',(59.,-8.49999999999996,-14.5565518868443));
#2686=CARTESIAN_POINT('Origin',(30.,-30.9999999999999,-44.));
#2687=CARTESIAN_POINT('',(30.,-29.4999999999999,-44.));
#2688=CARTESIAN_POINT('',(30.,-29.4999999999999,-44.));
#2689=CARTESIAN_POINT('Origin',(30.,-30.9999999999999,-44.));
#2690=CARTESIAN_POINT('Origin',(30.,-30.9999999999999,-44.));
#2691=CARTESIAN_POINT('',(30.,-30.9999999999999,-47.5));
#2692=CARTESIAN_POINT('Origin',(30.,-30.9999999999999,-44.));
#2693=CARTESIAN_POINT('',(30.,-30.9999999999999,-47.5));
#2694=CARTESIAN_POINT('Origin',(30.,-86.3868962263113,-47.5));
#2695=CARTESIAN_POINT('',(30.,-24.,-47.5));
#2696=CARTESIAN_POINT('',(30.,-68.,-47.5));
#2697=CARTESIAN_POINT('',(30.,-24.,-47.5));
#2698=CARTESIAN_POINT('Origin',(30.,-53.4434481131556,-28.5));
#2699=CARTESIAN_POINT('',(30.,-41.0274740565778,-40.4995549913388));
#2700=CARTESIAN_POINT('Origin',(30.,-24.,-44.));
#2701=CARTESIAN_POINT('',(30.,-25.5,-44.));
#2702=CARTESIAN_POINT('Origin',(30.,-24.,-44.));
#2703=CARTESIAN_POINT('Origin',(30.,-24.,-44.));
#2704=CARTESIAN_POINT('',(30.,-25.5,-44.));
#2705=CARTESIAN_POINT('Origin',(30.,-24.,-44.));
#2706=CARTESIAN_POINT('Origin',(18.,-28.6115,-40.4995549913388));
#2707=CARTESIAN_POINT('',(6.00000000000001,-40.4717240565778,-40.4995549913388));
#2708=CARTESIAN_POINT('Origin',(3.00000000000001,-30.9999999999999,-44.));
#2709=CARTESIAN_POINT('',(6.00000000000001,-29.4999999999999,-44.));
#2710=CARTESIAN_POINT('Origin',(6.00000000000001,-30.9999999999999,-44.));
#2711=CARTESIAN_POINT('',(3.00000000000001,-29.4999999999999,-44.));
#2712=CARTESIAN_POINT('',(3.00000000000001,-29.4999999999999,-44.));
#2713=CARTESIAN_POINT('Origin',(3.00000000000001,-30.9999999999999,-44.));
#2714=CARTESIAN_POINT('Origin',(3.,-53.4434481131556,-28.5));
#2715=CARTESIAN_POINT('',(3.00000000000001,-25.5,-44.));
#2716=CARTESIAN_POINT('Origin',(3.00000000000001,-24.,-44.));
#2717=CARTESIAN_POINT('Origin',(6.,-53.4434481131556,-28.5));
#2718=CARTESIAN_POINT('',(6.00000000000001,-25.5,-44.));
#2719=CARTESIAN_POINT('Origin',(6.00000000000001,-24.,-44.));
#2720=CARTESIAN_POINT('Origin',(3.00000000000001,-24.,-44.));
#2721=CARTESIAN_POINT('',(3.00000000000001,-25.5,-44.));
#2722=UNCERTAINTY_MEASURE_WITH_UNIT(LENGTH_MEASURE(0.01),#2726,
'DISTANCE_ACCURACY_VALUE',
'Maximum model space distance between geometric entities at asserted c
onnectivities');
#2723=UNCERTAINTY_MEASURE_WITH_UNIT(LENGTH_MEASURE(0.01),#2726,
'DISTANCE_ACCURACY_VALUE',
'Maximum model space distance between geometric entities at asserted c
onnectivities');
#2724=(
GEOMETRIC_REPRESENTATION_CONTEXT(3)
GLOBAL_UNCERTAINTY_ASSIGNED_CONTEXT((#2722))
GLOBAL_UNIT_ASSIGNED_CONTEXT((#2726,#2728,#2729))
REPRESENTATION_CONTEXT('','3D')
);
#2725=(
GEOMETRIC_REPRESENTATION_CONTEXT(3)
GLOBAL_UNCERTAINTY_ASSIGNED_CONTEXT((#2723))
GLOBAL_UNIT_ASSIGNED_CONTEXT((#2726,#2728,#2729))
REPRESENTATION_CONTEXT('','3D')
);
#2726=(
LENGTH_UNIT()
NAMED_UNIT(*)
SI_UNIT(.MILLI.,.METRE.)
);
#2727=(
LENGTH_UNIT()
NAMED_UNIT(*)
SI_UNIT($,.METRE.)
);
#2728=(
NAMED_UNIT(*)
PLANE_ANGLE_UNIT()
SI_UNIT($,.RADIAN.)
);
#2729=(
NAMED_UNIT(*)
SI_UNIT($,.STERADIAN.)
SOLID_ANGLE_UNIT()
);
#2730=SHAPE_DEFINITION_REPRESENTATION(#2731,#2732);
#2731=PRODUCT_DEFINITION_SHAPE('',$,#2734);
#2732=SHAPE_REPRESENTATION('',(#1568),#2724);
#2733=PRODUCT_DEFINITION_CONTEXT('part definition',#2738,'design');
#2734=PRODUCT_DEFINITION('Knees','Knees',#2735,#2733);
#2735=PRODUCT_DEFINITION_FORMATION('',$,#2740);
#2736=PRODUCT_RELATED_PRODUCT_CATEGORY('Knees','Knees',(#2740));
#2737=APPLICATION_PROTOCOL_DEFINITION('international standard',
'automotive_design',2009,#2738);
#2738=APPLICATION_CONTEXT(
'Core Data for Automotive Mechanical Design Process');
#2739=PRODUCT_CONTEXT('part definition',#2738,'mechanical');
#2740=PRODUCT('Knees','Knees',$,(#2739));
#2741=PRESENTATION_STYLE_ASSIGNMENT((#2742));
#2742=SURFACE_STYLE_USAGE(.BOTH.,#2743);
#2743=SURFACE_SIDE_STYLE('',(#2744));
#2744=SURFACE_STYLE_FILL_AREA(#2745);
#2745=FILL_AREA_STYLE('Steel - Satin',(#2746));
#2746=FILL_AREA_STYLE_COLOUR('Steel - Satin',#2747);
#2747=COLOUR_RGB('Steel - Satin',0.627450980392157,0.627450980392157,0.627450980392157);
ENDSEC;
END-ISO-10303-21;
